f_beta_mean,f_beta_median,f_beta_std,fn_count_mean,fn_count_median,fn_count_std,fp_count_mean,fp_count_median,fp_count_std,loss_mean,loss_median,loss_std,num_items_queried,precision_mean,precision_median,precision_std,recall_mean,recall_median,recall_std,sampling_strategy
0.15179756375071762,0.14186493276193293,0.04867408689591247,602.1,610.0,38.72531290956861,339.28,317.0,110.09109691454562,0.24351410293690043,0.24476592032567607,0.0061663868647888875,240,0.23323433374951275,0.2324455205811138,0.004530200400898146,0.14716713881020255,0.1359773371104816,0.054851718002221446,objective_aware_sampling
0.00253617234828118,0.0,0.016060130078647476,704.34,706.0,10.538962690205597,2.96,0.0,18.954288137288174,0.2562271009014198,0.2566152951439372,0.0024529003298753393,440,0.014761904761904738,0.0,0.0723722236744485,0.002351274787535404,0.0,0.014927709192925727,objective_aware_sampling
0.04021958999974315,0.03277665053847355,0.03662602345630091,679.92,685.0,25.007482331732376,41.06,32.0,44.50215257707575,0.2501206746147215,0.251308519918581,0.0058563061650934,640,0.39492741138261966,0.39622641509433965,0.006440524484109055,0.036940509915015796,0.029745042492917848,0.03542136307610814,objective_aware_sampling
0.2887281523299629,0.2820400409177261,0.03385108511399605,507.42,513.0,28.517181753679953,311.98,296.0,84.93603147260805,0.20711544053503603,0.207981971503344,0.004281829605927688,840,0.3920419796614327,0.3946830265848671,0.013957920473479617,0.2812747875354003,0.273371104815864,0.040392608716260554,objective_aware_sampling
0.439562726461624,0.43687319686770165,0.017434229311295988,385.1,388.0,18.53643415114089,621.4,607.0,86.25563632446375,0.18514829892411092,0.18515556847920908,0.0007207232706496726,1040,0.3417425997426132,0.34378378378378377,0.010966663945576615,0.4545325779036748,0.45042492917847027,0.02625557245204087,objective_aware_sampling
0.368811073992257,0.3690987124463519,0.003944850306684599,448.22,448.0,2.907809817863146,377.66,378.0,1.8936720347016498,0.1903722012212741,0.19031695260250073,0.0009553289515588676,1240,0.40566036954891127,0.4056603773584906,0.0019934066050025945,0.3651274787535333,0.3654390934844193,0.004118710790174266,objective_aware_sampling
0.31212300328498244,0.3093535677805341,0.013742541976247868,491.9,494.0,10.464213903773095,290.18,287.0,17.65585724721837,0.19988950276243564,0.2004216341959872,0.0026089531451708153,1440,0.4246840054869638,0.4248496993987976,0.0038764073728541734,0.30325779036828077,0.3002832861189802,0.014821832724891121,objective_aware_sampling
0.3436296974640808,0.3422876949740034,0.00917818637897876,467.98,469.0,7.000170841496979,334.2,333.0,8.84060811208894,0.19439517301540565,0.19467868566443733,0.0019036922656270473,1640,0.41594227598772715,0.41578947368421054,0.0007581653413703349,0.3371388101982929,0.3356940509915014,0.00991525614942912,objective_aware_sampling
0.37859159990937935,0.3790924755887421,0.0067182636055709444,442.34,442.0,4.987609230016746,346.42,346.0,5.131875000380722,0.1859639430066832,0.18580982843849955,0.0015617288181778136,1840,0.4321551740269294,0.43278688524590164,0.003347864096850948,0.3734560906515718,0.37393767705382436,0.007064602308805583,objective_aware_sampling
0.4439044285534154,0.4453943739658026,0.014301971266825484,384.38,383.0,11.82640377531188,568.28,575.0,36.43911787982031,0.18102500726955464,0.18101192207036929,0.002393126324337049,2040,0.36193603390603873,0.3596881959910913,0.011078035691512911,0.4555524079320346,0.45750708215297453,0.01675128013500267,objective_aware_sampling
0.441303950954523,0.44227059796087076,0.007974736243066853,385.94,385.0,6.8731375666434245,578.04,583.0,25.526539172027487,0.1823015411456901,0.18232044198895028,0.001290361255776986,2240,0.35661468053449336,0.35508849557522126,0.0074787049382897056,0.45334277620396357,0.4546742209631728,0.009735322332356081,objective_aware_sampling
0.42614715776484147,0.42691546508340406,0.0051688772787029675,404.68,404.0,4.4841846248359545,415.22,418.0,16.841527689017774,0.1772768246583242,0.1772317534166909,0.00043162844192327,2440,0.42075298912451325,0.41944444444444445,0.00781809610706765,0.4267988668555182,0.42776203966005666,0.006351536295801674,objective_aware_sampling
0.4447605694102038,0.4462902998732929,0.00842344824521243,390.28,389.0,7.041853363201851,428.42,432.0,19.95126817103204,0.17300232625762887,0.172797324803722,0.0011101978130176214,2640,0.42455275431713335,0.4232309746328438,0.0076850218170144416,0.44719546742209354,0.4490084985835694,0.009974296548444467,objective_aware_sampling
0.47286029105056665,0.4744069912609238,0.009966619126986674,365.4,364.0,8.609301069189405,507.64,513.0,27.965928431856156,0.16971794126199732,0.16959872055830183,0.0013279445231048877,2840,0.401946164430671,0.4,0.009765229726868241,0.48243626062322464,0.48441926345609065,0.012194477435112467,objective_aware_sampling
0.48413410974683363,0.485929993136582,0.010148058199733145,353.7,352.0,9.285359380911718,569.68,577.0,36.75225169220128,0.16997528351264843,0.16988950276243095,0.0010014403318598293,3040,0.3827185159710729,0.3802363050483351,0.012292468798782116,0.4990084985835493,0.5014164305949008,0.013152067111773032,objective_aware_sampling
0.45689245319962596,0.45729562403264384,0.002111177568780962,381.4,381.0,2.0499759443012078,425.86,428.0,10.544379245663814,0.16958854318115862,0.16959872055830183,0.00014688698679279926,3240,0.43261737292779884,0.4316069057104914,0.004958302396006639,0.45977337110481376,0.4603399433427762,0.0029036486463186245,objective_aware_sampling
0.459540536008959,0.45978627671541056,0.0012432801206006166,379.26,379.0,1.3089720726555503,429.38,431.0,8.07923241827537,0.16906658912474373,0.1690898517010759,0.00011399641751393172,3440,0.4321752437438411,0.4313984168865435,0.003874192310278039,0.46280453257792153,0.4631728045325779,0.001854068091580128,objective_aware_sampling
0.4644782392295733,0.46491969568892644,0.0025028351656359903,376.34,376.0,1.9967013427837277,413.74,414.0,3.725696258916617,0.16686827566152848,0.16676359406804303,0.0005332059125005491,3640,0.443455101483327,0.4435483870967742,0.00135499428883538,0.46694050991501235,0.46742209631728043,0.0028281888707983828,objective_aware_sampling
0.46864770860394245,0.46923293059848264,0.002938848730992242,372.48,372.0,2.4276085561852834,429.08,430.0,5.20485653810353,0.16658040127943996,0.16647281186391394,0.0005280448735920382,3840,0.43735880268096217,0.43717277486910994,0.0014415746062839596,0.47240793201133047,0.4730878186968839,0.003438539031423956,objective_aware_sampling
0.4691776836653225,0.46916701783958425,0.0012590231931461707,372.04,372.0,1.019348011220582,430.02,431.0,4.975497094396257,0.1664888048851449,0.1665455074149462,0.0003867913272605799,4040,0.4371495754708836,0.4366013071895425,0.0026872560711399844,0.47303116147308777,0.4730878186968839,0.001443835709944148,objective_aware_sampling
0.47238676032655097,0.4724409448818897,0.0011979699147026527,370.04,370.0,1.0193589792048956,422.0,422.0,2.600867100240882,0.1651788310555377,0.16516429194533294,0.00018851125402825718,4240,0.443246078467399,0.44327176781002636,0.000794273439744258,0.4758640226629064,0.47592067988668557,0.0014438512453327369,objective_aware_sampling
0.47062651179537596,0.47057170950976257,0.003259882073847592,370.98,371.0,2.702709322357738,429.52,430.0,6.07577638340531,0.16606717068914814,0.16610933410875253,0.0006105225087746846,4440,0.4382169748967962,0.43790849673202614,0.002010757682602641,0.4745325779036959,0.4745042492917847,0.0038282001733112494,objective_aware_sampling
0.47333714037388025,0.4731152604239786,0.0028409098722727445,368.84,369.0,2.5256595965067983,431.82,432.0,8.747700198123756,0.16545652806048544,0.16552776970049432,0.0004236589184995987,4640,0.438498783328943,0.43823146944083224,0.003554638959431418,0.4775637393767693,0.4773371104815864,0.0035774215247971154,objective_aware_sampling
0.4787335103182657,0.4785224569749546,0.001785232662255166,363.88,364.0,1.5189829221769073,450.22,451.0,7.200694925692841,0.1649912765338728,0.16509159639430068,0.0004959844443946627,4840,0.4318188438785606,0.4312736443883985,0.0036558107133232236,0.48458923512748286,0.48441926345609065,0.0021515338841032764,objective_aware_sampling
0.4758286555784821,0.47518923465096724,0.0033487673384018724,366.5,367.0,2.6861776604316927,441.38,441.0,4.504576408722249,0.1653009595812746,0.16545507414946206,0.0007621259085416929,5040,0.4347714834097624,0.4346153846153846,0.0016591514935758826,0.4808781869688477,0.4801699716713881,0.0038047842215747614,objective_aware_sampling
0.4889405552723557,0.4885857461024499,0.001944647129350103,354.74,355.0,1.4539914968865801,478.84,479.0,1.1204482689793382,0.16374963652224325,0.16385577202675197,0.0005559912203326428,5240,0.42315295989150525,0.42289156626506025,0.0012828320034522188,0.49753541076488245,0.4971671388101983,0.0020594780409158337,objective_aware_sampling
0.49003861586544467,0.48956884561891506,0.0025046244365114286,353.64,354.0,1.9374023691401745,484.08,484.0,1.0745055305174172,0.16373073567897486,0.16385577202675197,0.000650486369611833,5440,0.421258850095157,0.42105263157894735,0.0010114248675594693,0.4990934844192796,0.4985835694050991,0.0027441959902836186,objective_aware_sampling
0.4987602814794174,0.49874965268130034,0.0006710704104443826,347.02,347.0,0.7071313971821512,484.46,485.0,4.550429163283474,0.1613521372492044,0.16138412329165455,0.00015744048387806255,5640,0.4256260135225163,0.4253554502369668,0.0019634589057390844,0.5084702549575004,0.5084985835694051,0.0010016025455837337,objective_aware_sampling
0.491644120917563,0.4914618908788005,0.0012441682990269108,351.9,352.0,1.0251611648968872,494.26,495.0,5.938388552353678,0.1638383250945077,0.16392846757778423,0.0004420464247994312,5840,0.4174136252689625,0.4169611307420495,0.0028560165596365566,0.5015580736543758,0.5014164305949008,0.001452069638664185,objective_aware_sampling
0.4926325861621703,0.49200833912439196,0.0031141765928482845,351.5,352.0,2.5011913272059307,487.5,487.0,2.686423870609931,0.16320151206746109,0.16334690316952602,0.0007198452222701867,6040,0.4210191530204176,0.42092746730083236,0.0004937900983356472,0.5021246458923367,0.5014164305949008,0.0035427639195553177,objective_aware_sampling
0.4870023705880701,0.4863137418368765,0.003427354743476997,355.46,356.0,2.6936324277183283,493.34,493.0,1.8941985080736072,0.16506542599593227,0.16523698749636523,0.0008489108896123842,6240,0.4153859262832709,0.4151838671411625,0.000995634616481359,0.4965155807365575,0.49575070821529743,0.0038153433820373047,objective_aware_sampling
0.49386538627441773,0.49314309461144196,0.003689329909046118,349.42,350.0,2.9821068075425314,509.56,509.0,3.39684351092652,0.16404914219249753,0.16421924978191335,0.0008533896127205489,6440,0.4116858228414119,0.4115606936416185,0.0007007046035689483,0.505070821529732,0.5042492917847026,0.004223947319465352,objective_aware_sampling
0.5003884533889585,0.4999307575128099,0.003117915861157411,344.6,345.0,2.6623064093244557,506.94,506.0,5.341170085902737,0.16210671706891466,0.1621837743530096,0.0005938409863925502,6640,0.41620321656006226,0.41637831603229525,0.0008603806192444368,0.5118980169971677,0.5113314447592068,0.0037709722511677294,objective_aware_sampling
0.5047474539037125,0.5044101433296583,0.0028381869553037765,339.74,340.0,2.4575404982122966,536.0,536.0,6.203650279974769,0.16245274789182768,0.16254725210817098,0.0005589505676720853,6840,0.405948160337079,0.4057649667405765,0.0016955494059389135,0.5187818696883744,0.5184135977337111,0.0034809355498757475,objective_aware_sampling
0.5059920207691454,0.5057724024189114,0.0029690408118825504,337.88,338.0,2.472497027690791,553.06,554.0,7.025531839087164,0.16301686536784113,0.1631288165164292,0.0007339580578487691,7040,0.3996357789700107,0.39913232104121477,0.0026118557482804955,0.521416430594891,0.5212464589235127,0.003502120435822693,objective_aware_sampling
0.5085649788042405,0.5085910652920962,0.002423795670398935,336.06,336.0,2.121886708632766,550.22,551.0,6.061401442730415,0.1621488804885151,0.1621837743530096,0.0004552732398197373,7240,0.402051282518021,0.4017372421281216,0.0017176947918840512,0.5239943342776118,0.5240793201133145,0.003005505253020906,objective_aware_sampling
0.509176631363752,0.5093355299286106,0.0029549836499187044,335.18,335.0,2.6528576650717874,557.86,559.0,8.27636723747199,0.16238441407385615,0.16240186100610643,0.00047337574350156256,7440,0.39932196984918433,0.3989247311827957,0.002253386258568331,0.5252407932011345,0.5254957507082153,0.0037575887607249267,objective_aware_sampling
0.5090645316240369,0.5090108680698858,0.002543589097928546,336.0,336.0,2.2016942628618152,544.2,545.0,6.357844601868738,0.16168944460598766,0.16174760104681593,0.0005213803632446737,7640,0.4047400253557159,0.40437158469945356,0.002004840700249763,0.5240793201133086,0.5240793201133145,0.0031185471145351615,objective_aware_sampling
0.5108982505023127,0.5109890109890111,0.0018684823617594929,334.12,334.0,1.706004323339226,553.04,554.0,6.179161490678141,0.1616487350974137,0.16167490549578367,0.0003180569833665936,7840,0.4020818347506951,0.4017278617710583,0.0019021331927289832,0.526742209631724,0.5269121813031161,0.0024164367186107704,objective_aware_sampling
0.512307255687104,0.5121850475010326,0.001515373588703531,333.92,334.0,1.2635278913583206,536.74,537.0,2.808333941398718,0.16039110206455143,0.16043908112823496,0.00034670333569693847,8040,0.40941230437300596,0.40924092409240925,0.0009162864815144599,0.5270254957507063,0.5269121813031161,0.0017896995628305548,objective_aware_sampling
0.5073338084558017,0.5070267291264811,0.0018687591038590917,337.78,338.0,1.405542991944522,535.72,536.0,1.6992276920705152,0.16171997673742375,0.16182029659784822,0.0005539751265532317,8240,0.40735021157676776,0.40707964601769914,0.0013328019226128637,0.5215580736543914,0.5212464589235127,0.0019908540962387225,objective_aware_sampling
0.5077840939751485,0.5075862068965517,0.0012105213613254776,337.88,338.0,0.8409348917752089,527.42,528.0,2.9838541017731184,0.16115295143937117,0.16123873218959,0.0004476053958259535,8440,0.41106361080411363,0.4107142857142857,0.0017135592265686227,0.521416430594902,0.5212464589235127,0.0011911259090299675,objective_aware_sampling
0.5021386792057977,0.5014504765851637,0.0033786197634866947,342.48,343.0,2.558508337348283,521.9,522.0,1.7713962322215921,0.1624236696714154,0.16261994765920326,0.0009641132842957102,8640,0.4105592148637979,0.4101694915254237,0.002025132724925694,0.5149008498583577,0.5141643059490085,0.003623949486329087,objective_aware_sampling
0.5115160719689518,0.5113009922822491,0.0010834807410594527,334.88,335.0,0.7120735289292417,530.18,531.0,5.606908346266971,0.16026315789473777,0.16036638557720267,0.0005249837323070543,8840,0.41177718580567385,0.4113082039911308,0.0028062553768909517,0.5256657223796047,0.5254957507082153,0.0010086027321943207,objective_aware_sampling
0.5080908448179403,0.5075862068965517,0.0025822253206461664,337.64,338.0,1.9398306997809285,527.52,528.0,4.9972835430226565,0.16107298633323625,0.16123873218959,0.00081386361865045,9040,0.41118171854288926,0.4107142857142857,0.002777598805877875,0.5217563739376782,0.5212464589235127,0.0027476355520976415,objective_aware_sampling
0.5080563363214018,0.5075862068965517,0.002311195776822856,337.68,338.0,1.5835499746102972,527.28,528.0,6.462868921678247,0.1610700785111953,0.16123873218959,0.0008877616186914504,9240,0.41127642598102304,0.4107142857142857,0.003699406173990123,0.521699716713882,0.5212464589235127,0.0022429886325925625,objective_aware_sampling
0.514540671824777,0.5142699572590651,0.001408168857037426,332.82,333.0,1.1287027284658375,525.5,526.0,6.77640007599537,0.15917417854027413,0.1592759523117185,0.0005398875888180463,9440,0.4152764919222078,0.41490545050055616,0.00313686481365976,0.5285835694051005,0.5283286118980169,0.0015987290771470708,objective_aware_sampling
0.509409485343973,0.5089655172413792,0.0021829138623675427,336.7,337.0,1.5050251397039696,526.28,527.0,7.1570306166958995,0.16064117476010503,0.16080255888339634,0.0008641715276317112,9640,0.41238493404395626,0.41183035714285715,0.0039044645549601753,0.5230878186968848,0.5226628895184136,0.0021317636539716256,objective_aware_sampling
0.5115336655634614,0.5112305360341739,0.0015556924058727469,334.8,335.0,0.9847319278346883,531.42,532.0,6.7632100441291865,0.16032422215760397,0.16043908112823496,0.0007200333651508001,9840,0.41127092189745407,0.4108527131782946,0.0035491775053585377,0.5257790368271964,0.5254957507082153,0.0013948044303607097,objective_aware_sampling
0.5128360621957205,0.5125378892256819,0.0014757685242718372,333.82,334.0,0.9409070742900105,531.12,532.0,7.300097846702378,0.15994620529223597,0.16007560337307356,0.0007139754836601987,10040,0.4120502048397617,0.41150442477876104,0.0037582266652746938,0.5271671388101988,0.5269121813031161,0.0013327295669830238,objective_aware_sampling
0.22881527325542256,0.2194845652789578,0.04610922933042648,543.22,551.0,38.54563407654026,571.2,553.0,91.05842440247874,0.2389720849084038,0.24047688281477173,0.007409929217161207,240,0.2204744875708911,0.2189265536723164,0.007594070743470105,0.23056657223796032,0.21954674220963172,0.05459721540586445,uncertainty_sampling
0.0077443566722906155,0.0,0.04062782039670133,700.74,706.0,27.682940486095656,11.16,0.0,54.87698585901179,0.25551468450130366,0.2566152951439372,0.006342113780327904,440,0.012327782818745834,0.0,0.061911456271333744,0.007450424929178465,0.0,0.03921096386132541,uncertainty_sampling
0.015013019179240968,0.0,0.07361888448314508,694.9,706.0,54.529707075416184,30.12,0.0,154.00983257102007,0.2547702820587342,0.2566152951439372,0.009214404107628244,640,0.011200553470639172,0.0,0.055653944897597056,0.01572237960339943,0.0,0.07723754543260114,uncertainty_sampling
0.26661769650303446,0.25955504848830574,0.039472730472933815,517.8,524.0,35.94091930815344,493.66,476.0,124.79443691823202,0.2240956673451523,0.22506542599592905,0.004772493893238441,840,0.2771413334800484,0.2765957446808511,0.01029139520853897,0.2665722379603353,0.2577903682719547,0.0509078177169312,uncertainty_sampling
0.2278594460864047,0.21974758723088347,0.04332148150907494,551.1,558.0,37.8004133359525,256.24,233.0,137.92553594865842,0.21894009886595936,0.21975865077057283,0.0040404181393634934,1040,0.3850913951749044,0.3884514435695538,0.019537902170777246,0.21940509915015052,0.2096317280453258,0.05354166194894132,uncertainty_sampling
0.24234897144474765,0.2367128182224207,0.0276222948465042,542.8,547.0,20.589036007909467,210.76,204.0,33.628633864052055,0.21261703983715238,0.2136522244838616,0.005076559824387571,1240,0.437106029722399,0.4380165289256198,0.0055085182067614894,0.23116147308781446,0.22521246458923513,0.029162940521118244,uncertainty_sampling
0.34254764617009487,0.34242682580278483,0.0009027285125936725,465.06,465.0,0.5801318631368829,438.86,443.0,20.288605260358203,0.20094213434138403,0.20122128525734226,0.0013771874954215278,1440,0.35479097908840096,0.35233918128654973,0.01201758854946285,0.3412747875354037,0.3413597733711048,0.0008217165200240009,uncertainty_sampling
0.36578527008768585,0.3643389456251725,0.01985931534686675,440.58,442.0,19.39532332226625,630.7,628.0,94.45294844270711,0.2059901134050623,0.20630997382960162,0.0015824610937106352,1640,0.2987133149545396,0.29596412556053814,0.026412423423869673,0.3759490084985976,0.37393767705382436,0.02747212935165196,uncertainty_sampling
0.3952178143874843,0.39888811674774155,0.028229194806984357,421.56,419.0,22.272912468371157,552.32,554.0,79.04854937724649,0.19337888921198415,0.19257051468450131,0.004079227796937462,1840,0.34325392253563264,0.3412604042806183,0.02832445279162081,0.4028895184136152,0.4065155807365439,0.03154803465774961,uncertainty_sampling
0.3827594535411071,0.3872148690509716,0.026117603486984105,434.52,431.0,20.14267896436303,462.24,473.0,55.1596463783063,0.19154114568187935,0.19104390811282349,0.0035655429244741783,2040,0.3725284301542443,0.36764705882352944,0.02484467293856745,0.38453257790369677,0.3895184135977337,0.02853070674838955,uncertainty_sampling
0.39968453720764596,0.4020734099187448,0.014034051112019948,421.02,419.0,11.62786324316741,489.32,497.0,40.97385786711142,0.18860279150915485,0.18842686827566152,0.0013506829627764835,2240,0.36918760843132253,0.36607142857142855,0.016806492378054705,0.40365439093486005,0.4065155807365439,0.016470061250945196,uncertainty_sampling
0.43770846343497655,0.4380791912384161,0.0019314622851419145,394.26,394.0,1.3089226884780452,456.36,456.0,4.556429160056239,0.17648008141901247,0.17635940680430356,0.0007221233796143231,2440,0.4058719681774512,0.40625,0.0030305152498249642,0.44155807365440775,0.44192634560906513,0.0018539981423200604,uncertainty_sampling
0.42332718071564907,0.4216953002981684,0.012299386421942598,407.22,409.0,13.046884306226172,402.62,392.0,73.22497969542542,0.17728409421343103,0.1771590578656586,0.0006503864539913518,2640,0.4282501262202133,0.4310595065312046,0.01852664691334043,0.4232011331444719,0.4206798866855524,0.018480006099470668,uncertainty_sampling
0.5540344122930457,0.5580910157778067,0.020646308052750095,282.02,278.0,20.349039998989646,870.82,887.0,81.55625643544585,0.1658127362605404,0.16552776970049432,0.0014719282155209647,2840,0.3288058455997129,0.32547528517110264,0.017360250531580062,0.6005382436260678,0.6062322946175638,0.02882300283142983,uncertainty_sampling
0.5456214340623686,0.5480153649167734,0.012130910771346589,280.96,278.0,14.853988633403807,1008.5,1028.0,96.97151206569288,0.17543617330619593,0.17577784239604535,0.001674689723792986,3040,0.29814242966545107,0.29395604395604397,0.021164217642265868,0.6020396600566648,0.6062322946175638,0.021039643956662617,uncertainty_sampling
0.43865728550825167,0.4358901783187093,0.013564863940762551,395.06,398.0,14.485036935601181,420.54,404.0,84.17278065979687,0.17416690898517057,0.17403314917127072,0.0012850323199019103,3240,0.4281136137805513,0.43258426966292135,0.02252252793286465,0.4404249291784862,0.43626062322946174,0.020517049483854223,uncertainty_sampling
0.4517311896167305,0.4498805004920568,0.01135636836391895,383.84,386.0,13.032049053425988,453.16,439.0,81.11722992787219,0.17246001744693318,0.1722157603954638,0.0012317966576477853,3440,0.41787870053261383,0.42160737812911725,0.019731396702931503,0.45631728045327435,0.45325779036827196,0.018458992993521224,uncertainty_sampling
0.44761116331693435,0.4466431095406361,0.005357801520749727,389.04,390.0,5.112165777113068,409.86,405.0,23.927126324867352,0.1712023844140759,0.17119802268101192,0.0005603332685314718,3640,0.43644249354855735,0.43828016643550627,0.009012694678637927,0.44895184135978916,0.4475920679886686,0.0072410280129082474,uncertainty_sampling
0.45421851399051816,0.4530059271803556,0.006889468041403119,383.78,385.0,6.928318771579755,417.1,411.0,34.14701687887364,0.1698168072113969,0.16981680721139866,7.271827904628146e-05,3840,0.43645086153637863,0.4385245901639344,0.011166677633544128,0.4564022662889494,0.4546742209631728,0.00981348267929159,uncertainty_sampling
0.49483408838882614,0.49456673168013376,0.0032843604335950132,350.14,351.0,6.166435940989939,481.2,469.0,72.0524072235,0.162249200348934,0.16167490549578367,0.0030947301446875805,4040,0.4270376337248046,0.4308252427184466,0.02069476046258183,0.5040509915013969,0.5028328611898017,0.008734328528314256,uncertainty_sampling
0.486343367191573,0.4846368715083798,0.009695623892543864,356.76,359.0,12.707873938626692,475.6,459.0,92.49401834147241,0.1642483280023246,0.16385577202675197,0.0021124318164809515,4240,0.426229265988996,0.4305210918114144,0.02241420989361104,0.4946742209631901,0.4915014164305949,0.017999821442813962,uncertainty_sampling
0.5294770013398609,0.5289638292085939,0.00374995531027741,315.68,317.0,7.2175845384761175,626.98,611.0,79.91159893214713,0.16032131433555918,0.15963943006687992,0.003341697461880671,4440,0.3852462827225204,0.389,0.01847431091509956,0.5528611898017024,0.5509915014164306,0.010223207561580856,uncertainty_sampling
0.5257011499095436,0.5251670986222889,0.00290005684307725,319.64,321.0,6.9588065986961,608.58,592.0,83.03522440374239,0.16042308810701025,0.15971212561791218,0.0035222839886852515,4640,0.3900923227681922,0.3940634595701126,0.0196275157405521,0.5472521246458948,0.5453257790368272,0.00985666657039098,uncertainty_sampling
0.5589715174851435,0.5596675756395273,0.003624978832059883,275.74,275.0,3.736675363531546,912.98,916.0,14.876274014001758,0.16659494038965203,0.1665455074149462,0.0004990776606362148,4840,0.3203403074915164,0.31997030438010393,0.002013926941503816,0.6094334277620239,0.6104815864022662,0.005292741308118483,uncertainty_sampling
0.5578130370324782,0.5581516095534786,0.0026526225216631882,276.3,276.0,2.2480853199669015,919.58,920.0,2.080127016907006,0.1672782785693495,0.1671997673742367,0.0007096922037208071,5040,0.3184642641789626,0.31851851851851853,0.0008433758660275824,0.6086402266288816,0.6090651558073654,0.0031842568271485995,uncertainty_sampling
0.5616329166433628,0.5621566372812061,0.0036104124379240606,266.8,266.0,4.70507281220323,1026.64,1033.0,32.55761660071242,0.1716080255888376,0.17177958708927013,0.0008806303113423726,5240,0.29975400926044676,0.2987101154107264,0.005213501703488058,0.6220963172804601,0.623229461756374,0.006664409082440953,uncertainty_sampling
0.569032373280393,0.5697396553892591,0.00571112020767265,254.18,253.0,7.328871693531749,1133.84,1144.0,51.7266285719409,0.17481389938935663,0.17512358243675488,0.0016388226687460848,5440,0.28522320788609357,0.2836568566061365,0.007758167515003422,0.6399716713881082,0.6416430594900849,0.01038083809282129,uncertainty_sampling
0.5567501936179637,0.5564325177584846,0.0017333483307473666,282.42,283.0,2.886320185349876,830.42,825.0,26.646970641827753,0.16302122710090247,0.1628380343123001,0.0009581501457289359,5640,0.3379033173505049,0.3389423076923077,0.005142319261375946,0.5999716713880923,0.5991501416430595,0.004088272217209582,uncertainty_sampling
0.5682882965656448,0.5680628272251308,0.0017255399314353482,271.44,272.0,2.9213281783721126,858.2,852.0,30.42962016587604,0.1610497237569059,0.16080255888339634,0.0013030402933488902,5840,0.3362978244603494,0.33748055987558323,0.005853792227671281,0.6155240793201016,0.6147308781869688,0.004137858609592143,uncertainty_sampling
0.5602524855253083,0.559588227530685,0.0036304235566182717,280.78,282.0,6.830522258099934,810.12,799.0,63.21005338098583,0.1609494038964836,0.1605844722302995,0.0021142600719611325,6040,0.3448010992659731,0.3466884709730172,0.010399251252254558,0.6022946175637383,0.6005665722379604,0.009674960705523941,uncertainty_sampling
0.5699427722665156,0.5695953908602855,0.0018284987065642418,270.04,271.0,5.194745940408088,859.02,848.0,60.25853209870567,0.16060046525152277,0.16014829892410584,0.002493137124979463,6240,0.3371609804123562,0.33904910366328916,0.010058902633243359,0.6175070821529706,0.6161473087818697,0.007357997082730706,uncertainty_sampling
0.5641011061654428,0.5632320042110804,0.004286671428764831,276.22,278.0,8.793918532782968,834.38,817.0,88.59061443079928,0.16105553940098594,0.16043908112823496,0.003316607052998109,6440,0.3410373380559258,0.3437751004016064,0.013848317452380242,0.6087535410764833,0.6062322946175638,0.012455975258899328,uncertainty_sampling
0.5600807967194753,0.5589084229860929,0.005751625271850592,277.98,280.0,9.986511481413798,859.14,842.0,87.40714672852184,0.16349520209363205,0.16298342541436464,0.002816336802388177,6640,0.3334808776413684,0.3359621451104101,0.01258670226169728,0.6062606232294517,0.603399433427762,0.014145200398603303,uncertainty_sampling
0.5642964971150569,0.5635838150289018,0.004557495817794976,275.92,277.0,6.759241808318502,837.0,829.0,48.546190649931916,0.16113695841814243,0.1609479499854609,0.0010788840956396832,6840,0.33974803275007714,0.3410174880763116,0.0074003144812321,0.6091784702549627,0.6076487252124646,0.009573996895635378,uncertainty_sampling
0.5639295040349711,0.5630660191626198,0.004396457706385396,275.78,277.0,6.482602113557788,844.34,836.0,47.567349262859565,0.16161965687699595,0.16145681884268684,0.0011721521004244835,7040,0.33785389059968784,0.3391304347826087,0.007328633422559477,0.6093767705382489,0.6076487252124646,0.00918215596821203,uncertainty_sampling
0.574430659768556,0.57379167743603,0.0034947111199563337,261.32,262.0,3.7890292058913304,942.44,940.0,14.505410803907653,0.16349520209362972,0.16356498982262285,0.00034703111757239104,7240,0.32059607611860347,0.3208092485549133,0.00139712187187823,0.6298583569405013,0.6288951841359773,0.005366896892197332,uncertainty_sampling
0.5648067010973762,0.5636716224951519,0.005565626234009451,268.82,270.0,5.806527824708513,948.92,945.0,20.321011768937705,0.1666923524280293,0.16683628961907532,0.0007660961059562281,7440,0.31543338753845696,0.3157132512671977,0.001772618667599002,0.6192351274787475,0.6175637393767706,0.008224543661059945,uncertainty_sampling
0.5717107826753671,0.5707260256244339,0.004828182664169607,264.02,265.0,4.805739378152382,934.7,932.0,13.403222711149816,0.16391392846757527,0.1640738586798488,0.0007926913274110671,7640,0.3210571977882,0.3211944646758922,0.0007876474767429118,0.6260339943342836,0.6246458923512748,0.006806996286334862,uncertainty_sampling
0.5781361335510938,0.5775193798449613,0.0031540137257257653,258.32,259.0,3.387731966935904,941.74,939.0,13.630188433322573,0.16235388194242273,0.16240186100610643,0.0004517006251922234,7840,0.32222426151373434,0.3225108225108225,0.001603489410336432,0.6341076487252164,0.6331444759206799,0.004798487205291746,uncertainty_sampling
0.5729157221105226,0.5723164573352324,0.003091492086665921,263.4,264.0,3.0027309973794223,928.74,927.0,9.078670533293721,0.16325530677522496,0.16334690316952602,0.000631446047526908,8040,0.3227561901267157,0.32286340394448504,0.0011138231745000196,0.626912181303112,0.6260623229461756,0.004253160052945333,uncertainty_sampling
0.5783064948572364,0.5778408358054947,0.002345820549781727,257.56,258.0,2.194545981320139,951.9,951.0,4.468773867601642,0.1628162256469898,0.16291072986333235,0.0005033656008308104,8240,0.3202364118759391,0.320228734810579,0.000348720912254958,0.6351841359773349,0.6345609065155807,0.003108422069858409,uncertainty_sampling
0.5851108679946415,0.5848320965916237,0.0018606432661622855,241.2,241.0,1.7107025868797994,1125.06,1132.0,34.5117835981706,0.16945769118929865,0.16988950276243095,0.0021199026670964405,8440,0.2924987427128446,0.29117094552285533,0.0065432004612277555,0.6583569405099191,0.6586402266288952,0.0024230914828325344,uncertainty_sampling
0.5808308816320088,0.5803852448696966,0.0021881405891494765,245.04,245.0,0.1962045886351858,1121.38,1128.0,32.49793669949388,0.17058592614131926,0.17105263157894737,0.0022911984188744225,8640,0.2914500328962535,0.29011957205789807,0.006532767966329025,0.652917847025499,0.6529745042492918,0.00027791018220284003,uncertainty_sampling
0.5799678864969108,0.5795836968714945,0.0020724638306775923,241.26,241.0,1.8226055847271336,1194.6,1204.0,47.06728707811808,0.17453474847339276,0.17512358243675488,0.002896519506560951,8840,0.28032441950537423,0.27860994607549433,0.008544090339885799,0.6582719546742237,0.6586402266288952,0.0025815943126446307,uncertainty_sampling
0.5810959089076458,0.5806853582554518,0.0022777914695960087,240.24,240.0,1.9888653258280082,1195.58,1205.0,47.63914946630441,0.17423524280314145,0.17483280023262576,0.002943367472047883,9040,0.2806083637343376,0.2788749251944943,0.008702270299632416,0.6597167138810216,0.660056657223796,0.00281708969664024,uncertainty_sampling
0.5821636815707355,0.5819046427230634,0.0021227920472738824,241.32,241.0,2.7068261175262274,1163.32,1172.0,44.49693820972588,0.1722826403024138,0.172797324803722,0.002529886719265386,9240,0.28566015809709133,0.2840562003665241,0.00809701733522416,0.6581869688385271,0.6586402266288952,0.0038340313279408415,uncertainty_sampling
0.5822362119744239,0.5817590391592643,0.00277719732248691,241.1,241.0,1.9670655133137587,1165.96,1174.0,40.891551633251446,0.17239459145100322,0.17294271590578655,0.0026931822444024264,9440,0.28526162050084375,0.28370957901159244,0.00776647344322524,0.6584985835694032,0.6586402266288952,0.0027862117752319574,uncertainty_sampling
0.5783303225633465,0.5779400654746915,0.0025589652559716886,247.16,247.0,2.3432897199043494,1121.12,1129.0,40.87054698359519,0.1713375981389935,0.17185228264030242,0.0025340781719849466,9640,0.2906250353235463,0.2890428211586902,0.008035671564156938,0.6499150141643046,0.6501416430594901,0.0033191072519891513,uncertainty_sampling
0.576978403309336,0.5765357502517623,0.003009990270566305,248.1,248.0,2.560381915956204,1124.36,1132.0,39.7556984035692,0.17191480081419028,0.17243384704856063,0.0025557009870432693,9840,0.2895948019176507,0.2880503144654088,0.007814134193610989,0.6485835694050999,0.6487252124645893,0.0036266032803912163,uncertainty_sampling
0.5767806123512748,0.5760746249842431,0.004194853938202228,248.82,249.0,3.4504658070634893,1115.32,1122.0,39.946106550844604,0.1715193370165745,0.17207036929339925,0.0027588402876446436,10040,0.29094302547823303,0.2894236858771374,0.008336416552964094,0.6475637393767711,0.6473087818696884,0.004887345335783966,uncertainty_sampling
0.44120287017158,0.441063666581437,0.0038744854476995497,360.82,361.0,3.223624776967818,1124.4,1123.0,6.906452029215413,0.21288892119801267,0.21285257342250655,0.0011984820559236885,240,0.23488411294583625,0.23501362397820164,0.001817492355881827,0.48892351274787477,0.4886685552407932,0.004566040760577719,random_sampling
0.05009256182307687,0.04795050270688322,0.01057266961378023,673.58,675.0,7.015959756339474,81.96,80.0,11.220061656922242,0.2507894736842202,0.2511631288165164,0.0018333408656959374,440,0.28196330245820483,0.27927927927927926,0.015026657766370811,0.045920679886687306,0.043909348441926344,0.009937620051472069,random_sampling
0.16741935846265799,0.16746411483253587,0.010397204706363853,593.98,594.0,7.5022030945158455,223.02,222.0,24.421877727013772,0.23211107880198123,0.23204419889502761,0.0010417532862929046,640,0.33510803815660983,0.33532934131736525,0.008007688649420624,0.1586685552407984,0.15864022662889518,0.01062634999223209,random_sampling
0.3648367042510698,0.36633109619686804,0.007533394998282075,445.22,444.0,6.045424052915305,532.68,536.0,19.86619094804442,0.20055103227681806,0.20034893864495493,0.0015222354417362177,840,0.32881643290335727,0.3283208020050125,0.006978825618610501,0.36937677053823464,0.37110481586402266,0.008562923587698439,random_sampling
0.37358460634828033,0.375122019244178,0.011642282065664415,438.22,437.0,8.980348755301993,545.4,548.0,13.998757168472123,0.19893137539982406,0.19867694097121255,0.002368750403438082,1040,0.32924355464403243,0.3292533659730722,0.0035872405719558245,0.3792917847025434,0.3810198300283286,0.012720040729889574,random_sampling
0.39726154950534226,0.39983397897066963,0.013653615842863728,419.12,417.0,11.061644643284982,579.3,585.0,27.93486755393064,0.19445332945623423,0.19409712125617912,0.0022487676297928893,1240,0.33133109167328645,0.3306636155606407,0.005099172306122186,0.4063456090651511,0.4093484419263456,0.01566805190267019,random_sampling
0.39543377521289574,0.3975619891951794,0.01042971329235577,420.8,419.0,8.829237469244527,572.14,578.0,29.781933537917382,0.19454347193951074,0.19431520790927595,0.0011979640954969954,1440,0.33294034274791423,0.33179190751445087,0.006818221803867589,0.40396600566574153,0.4065155807365439,0.01250600208108311,random_sampling
0.41836771702235837,0.42239955971381404,0.020381479524354696,402.34,399.0,16.872368174550772,597.3,607.0,49.93405376547857,0.18966269264321278,0.1891538237859843,0.0025220221052798244,1640,0.33784369255944463,0.3358862144420131,0.011170529625612421,0.43011331444761386,0.4348441926345609,0.023898538490864873,random_sampling
0.44236976839908526,0.446927374301676,0.022873598094517816,381.84,378.0,19.237219760316673,645.72,657.0,56.73706462396427,0.18573131724338954,0.18515556847920908,0.002869417360390871,1840,0.335075978607942,0.332994923857868,0.010978736147553765,0.45915014164307816,0.46458923512747874,0.027248186629343633,random_sampling
0.4172800562038126,0.4219006007646095,0.02318664093514399,400.9,397.0,19.504757838304272,647.82,661.0,65.498093736115,0.1928118639139335,0.19235242803140448,0.002336550295844991,2040,0.3214899106603746,0.3185567010309278,0.014793194755290702,0.432152974504246,0.4376770538243626,0.027627135748306414,random_sampling
0.4381719519754233,0.4431494782490853,0.02489757800284594,383.26,379.0,21.236239990744064,683.62,698.0,71.1854569743167,0.18900261703982965,0.1884995638266938,0.0025580703226887273,2240,0.32211543410219534,0.31902439024390244,0.015431199402006835,0.457138810198323,0.4631728045325779,0.0300796600435467,random_sampling
0.45271439130351543,0.45725915875169604,0.022615043820208472,372.9,369.0,19.360842615520728,666.76,679.0,60.43389240701195,0.18401134050596682,0.1834835708054667,0.002652416606022175,2440,0.33409436978273216,0.3316929133858268,0.01188345110724568,0.47181303116147183,0.4773371104815864,0.02742328982368382,random_sampling
0.4458156884328908,0.44936193320662504,0.017745259049768317,378.14,375.0,15.657887358949381,669.4,681.0,57.37606328627525,0.18610788019772725,0.18580982843849955,0.0015396466142074186,2640,0.32972129749766416,0.32707509881422925,0.013125407565379606,0.46439093484421456,0.4688385269121813,0.022178310706727437,random_sampling
0.43962705928276,0.44205658324265507,0.012248291729803596,383.26,381.0,11.31112539045958,662.78,673.0,50.32037683185341,0.18748764175632207,0.18740913056120964,0.0006150932850769622,2840,0.32828917549567727,0.3256513026052104,0.012948555574532868,0.45713881019829816,0.4603399433427762,0.01602142406580702,random_sampling
0.43470841112782627,0.4366216400600354,0.009375943268093294,387.84,386.0,9.016627220074872,645.58,655.0,46.19252121415402,0.1879020063972121,0.1879179994184356,0.0001463665327258125,3040,0.3308831908831898,0.3282051282051282,0.013159140500436192,0.45065155807367124,0.45325779036827196,0.012771426657329544,random_sampling
0.44633088579270835,0.4495599187542315,0.015833074968078453,376.96,374.0,14.510641587061425,686.36,699.0,61.94080059807664,0.1869118929921551,0.18675487060191917,0.0007830924189650202,3240,0.3252363717459765,0.32201745877788557,0.015778304787259508,0.4660623229461934,0.4702549575070821,0.020553316695554217,random_sampling
0.449542000523072,0.45258038368008646,0.01497618657498684,373.84,371.0,13.968864730953845,700.14,713.0,63.02330389174677,0.18677958708926715,0.18668217505088688,0.0006135190022859031,3440,0.3229781458585938,0.3196564885496183,0.016291041144984017,0.4704815864022852,0.4745042492917847,0.019785927380954572,random_sampling
0.4482567968967979,0.4512806613362244,0.014830454616347877,375.78,373.0,13.62659663451964,680.18,692.0,58.02920335037937,0.186033730735676,0.18588252398953184,0.0008253802037353544,3640,0.32786421978380037,0.3248780487804878,0.014827898066684981,0.46773371104815714,0.471671388101983,0.01930112837750662,random_sampling
0.45014911482363174,0.4538680395610351,0.01822463999618467,374.3,371.0,16.171996117100235,679.92,692.0,59.27418909975399,0.18547688281477545,0.18515556847920908,0.001585064333529171,3840,0.32887332988216345,0.32619279454722494,0.013251006586390586,0.4698300283286285,0.4745042492917847,0.022906510080878493,random_sampling
0.465606320248451,0.4691725256895619,0.017480921852764324,362.18,359.0,15.591806873329851,683.9,695.0,54.65397637532524,0.18136086071532853,0.18101192207036929,0.001722074657262833,4040,0.33533519177532556,0.3330134357005758,0.011667207260572623,0.4869971671388279,0.4915014164305949,0.022084712285169453,random_sampling
0.46358262833917685,0.4669995950870563,0.016779250970437903,363.08,360.0,15.105817548741785,697.72,709.0,55.47010806364444,0.1826926432102332,0.18239313753998254,0.0015683648649644094,4240,0.33032110677160814,0.32796208530805687,0.011965679520512012,0.4857223796034004,0.49008498583569404,0.021396342137028082,random_sampling
0.4627245321856107,0.4660560344827586,0.016372211497228263,363.04,360.0,14.919514458024919,712.24,724.0,57.681860395045625,0.18373364350101656,0.1834835708054667,0.0013109220573106297,4440,0.3258631059803457,0.3233644859813084,0.012411297678921601,0.48577903682719753,0.49008498583569404,0.021132456739412143,random_sampling
0.4696702006433606,0.4727272727272727,0.014989935608727679,357.82,355.0,13.823316846355622,708.94,720.0,54.222840973175636,0.18159639430066604,0.18137539982553066,0.001104789124276824,4640,0.33012083755927896,0.3277310924369748,0.011759094728974405,0.49317280453259227,0.4971671388101983,0.019579768904186303,random_sampling
0.47240870530569407,0.47535449020931797,0.014576865203354912,356.7,354.0,13.316957759687867,688.78,699.0,50.08702330576559,0.179723756906073,0.17948531549869148,0.001280497476645494,4840,0.3371515219758523,0.33491912464319695,0.010995158197112135,0.49475920679888413,0.4985835694050991,0.018862546401824318,random_sampling
0.4733175306278187,0.47599784250269683,0.013451380402127119,355.52,353.0,12.544746085493358,698.48,709.0,51.57611683288748,0.1800000000000006,0.17984879325385286,0.001018112755352467,5040,0.33485171782211437,0.332391713747646,0.012102910154170254,0.49643059490084984,0.5,0.01776876216075537,random_sampling
0.47762409731645256,0.4801726463447532,0.013117279679097671,352.4,350.0,12.190113990577922,694.06,704.0,49.00303498713466,0.178544635068339,0.17839488223320732,0.0010696616348070214,5240,0.3381724849241477,0.33584905660377357,0.011388697940862806,0.5008498583569343,0.5042492917847026,0.017266450411583485,random_sampling
0.4762602341338058,0.47856565111890004,0.01186182669142356,353.22,351.0,11.260429138669105,699.04,709.0,49.069796590651016,0.17920471067171176,0.1791218377435301,0.0008014389748802502,5440,0.33607724332733574,0.33364661654135336,0.0119159480358719,0.49968838526911363,0.5028328611898017,0.01594961634372399,random_sampling
0.478756897562181,0.481376899287347,0.013011346666774474,350.52,348.0,12.481388755829643,713.74,725.0,55.48034770730276,0.17929194533294085,0.17919453329456236,0.0005343562311797771,5640,0.3333355435226425,0.33056325023084027,0.01368406196324842,0.5035127478753388,0.5070821529745042,0.01767902090060866,random_sampling
0.4843974787149395,0.48718292846597777,0.01375305411942779,345.68,343.0,13.209702227493096,722.18,734.0,58.063521113315616,0.17814626344867873,0.17803140447804594,0.0006064171224995254,5840,0.3337934109230496,0.3309024612579763,0.014204645484274631,0.5103682719546699,0.5141643059490085,0.0187106263845511,random_sampling
0.4999177118166973,0.5032793468076563,0.01660471721041677,333.14,330.0,15.483821625355688,729.12,741.0,58.36497114714152,0.17409275952311648,0.17381506251817389,0.0013998769229348776,6040,0.3392059419333664,0.3366159355416294,0.012719183983303736,0.5281303116147217,0.5325779036827195,0.021931758676141173,random_sampling
0.49965352447655326,0.5029427501337614,0.016251549460666294,333.08,330.0,15.203445160382064,734.28,746.0,57.80054067655845,0.17444605990113587,0.17417854027333526,0.0013247948139644028,6240,0.3376367242949246,0.33511586452762926,0.012508553240581954,0.5282152974504138,0.5325779036827195,0.021534624873062368,random_sampling
0.4968519803658321,0.49979792536710227,0.014741988575125079,337.72,335.0,13.546762471001328,688.16,698.0,48.43184384699161,0.1727798778714736,0.17250654259959292,0.0014493254249517023,6440,0.3492281009534209,0.3470533208606174,0.010668763958400095,0.5216430594900864,0.5254957507082153,0.01918804882578104,random_sampling
0.4943343451707369,0.49670211333961495,0.011863211804049988,339.28,337.0,11.353626186651026,696.34,706.0,47.494955648082566,0.17394155277696935,0.17381506251817389,0.0007709752184417794,6640,0.3456004477055027,0.34325581395348836,0.011498800644090403,0.5194334277620408,0.5226628895184136,0.016081623493839944,random_sampling
0.4824900278530572,0.4845458226481307,0.010377285639432616,349.0,347.0,10.005887548346413,686.96,696.0,44.44324658770569,0.17679267228845766,0.17672288455946497,0.0005894876796830605,6840,0.34254074619590535,0.3402843601895735,0.011062003735727912,0.5056657223796038,0.5084985835694051,0.01417264525261514,random_sampling
0.4791204916382078,0.4809510942988382,0.009170598395251868,351.82,350.0,9.047094140688852,683.12,692.0,43.57613106964346,0.17753852864204855,0.17752253562082002,0.0004076847495573467,7040,0.3420191279374984,0.33969465648854963,0.01139549801331111,0.501671388101973,0.5042492917847026,0.012814580935820026,random_sampling
0.48649227266322376,0.4885640817431316,0.010366342137054235,346.96,345.0,9.775777262949054,666.1,674.0,39.11687837193504,0.1745347484733957,0.1743966269264321,0.0007233920708861983,7240,0.35068090853025696,0.34879227053140094,0.00936150105131523,0.5085552407932017,0.5113314447592068,0.013846710004177237,random_sampling
0.4852387009472064,0.4873426289427373,0.010518029194056493,347.98,346.0,9.854863798470745,665.16,673.0,38.60392917358912,0.17483716196568566,0.17468740913056122,0.0008161235640701313,7440,0.3503342982703677,0.34849951597289447,0.00900864138644575,0.5071104815863948,0.509915014164306,0.013958730592734761,random_sampling
0.4868685019462493,0.4887678692988428,0.009324681258831452,348.74,347.0,8.545451758842882,625.92,632.0,29.959547456883648,0.1722608316371022,0.17207036929339925,0.0009344979310646095,7640,0.3636390800866355,0.3622603430877901,0.006851410089246418,0.5060339943342781,0.5084985835694051,0.012104039318474407,random_sampling
0.48415682060826337,0.48611111111111116,0.009657326901608077,350.78,349.0,8.796622511662507,626.88,633.0,30.328181575273593,0.17307211398662345,0.1728700203547543,0.0009941054064566562,7840,0.3619640595336483,0.3606060606060606,0.00679410946762585,0.5031444759206801,0.5056657223796034,0.012459805257312386,random_sampling
0.4851170970218475,0.48703956343792637,0.009445555330685517,350.72,349.0,8.443412840832151,613.64,619.0,26.301485895124596,0.17208781622564637,0.17185228264030242,0.0011753719755634605,8040,0.366867788104495,0.36577868852459017,0.005399401159655549,0.5032294617563742,0.5056657223796034,0.011959508273133227,random_sampling
0.4838550719902139,0.48574157456678946,0.009290829341613703,351.68,350.0,8.26039152439349,613.9,619.0,25.026038544092863,0.17245565571387042,0.1722157603954638,0.0012101664177772238,8240,0.3661162079223534,0.36512820512820515,0.004926291037604693,0.5018696883852694,0.5042492917847026,0.01170027128101075,random_sampling
0.48419908481815116,0.48610160208133646,0.009463549409688266,352.64,351.0,8.13248866815313,589.92,594.0,20.014088579001136,0.1710613550450714,0.17076184937481825,0.0015243942652840635,8440,0.37469656385301936,0.37407797681770283,0.0031172425196811034,0.5005099150141644,0.5028328611898017,0.011519105762256548,random_sampling
0.47677579975323675,0.4784754592816013,0.008474528320269311,358.48,357.0,7.3583260600502305,586.96,591.0,19.86617886400523,0.17296888630415888,0.17272462925268975,0.001244012918664434,8640,0.3719858668888831,0.37127659574468086,0.0034870130393587144,0.49223796033994305,0.4943342776203966,0.010422558158711468,random_sampling
0.47411248447059134,0.4757321600439983,0.008190620100337258,361.4,360.0,7.052809393698285,569.28,573.0,18.435091739664838,0.17274498400697816,0.17250654259959292,0.0012340805514863828,8840,0.3771636165792867,0.3764961915125136,0.0032750283985205453,0.48810198300283236,0.49008498583569404,0.009989815005238474,random_sampling
0.47251722123090645,0.47416162726772954,0.008276813928452451,362.42,361.0,7.128322143999162,573.24,577.0,18.662888612731866,0.1734036056993306,0.1731608025588834,0.0012396535795223076,9040,0.3748417685675534,0.37418655097613884,0.0032232498318586307,0.48665722379603343,0.4886685552407932,0.010096773575069641,random_sampling
0.4736212011151645,0.475206611570248,0.007810227145757221,362.34,361.0,6.596853332883968,558.0,561.0,14.72778430457501,0.1722666472811871,0.17199767374236696,0.0013309258305845481,9240,0.38118648897246055,0.38079470198675497,0.0019441639636807381,0.4867705382436255,0.4886685552407932,0.00934398489077052,random_sampling
0.4726870931290524,0.47409040793825796,0.006915329751493479,363.2,362.0,5.907154337056804,555.06,558.0,14.447840686500944,0.17236551323059007,0.1721430648444315,0.0011075927302107717,9440,0.3818492956261121,0.38137472283813745,0.002395130971504563,0.4855524079320107,0.48725212464589235,0.008367074131808495,random_sampling
0.4709215471093615,0.47225664326036076,0.00664279683767799,364.16,363.0,5.758075741218655,562.82,566.0,15.646716318244684,0.17327856935155522,0.17308810700785113,0.0009666440955054884,9640,0.377933922648256,0.3773377337733773,0.0029424830386699592,0.48419263456090583,0.48583569405099153,0.008155914647618452,random_sampling
0.46741672059617784,0.4686423156443832,0.006114932780161393,367.06,366.0,5.266283070035006,558.16,561.0,14.00629007325494,0.17399389357371292,0.17381506251817389,0.0009348721977499487,9840,0.37787098600842034,0.37735849056603776,0.0026873390544068553,0.4800849858356935,0.48158640226628896,0.007459324461805973,random_sampling
0.47446775142993963,0.4758630174666484,0.006906626718223122,361.22,360.0,6.038279252115657,567.56,571.0,17.028379672937618,0.17255452166327434,0.17236115149752834,0.00095921367932772,10040,0.37798989453863285,0.37731733914940024,0.0033396603318294085,0.4883569405099147,0.49008498583569404,0.008552803473251679,random_sampling
