num_items_queried,precision_mean,recall_mean,f_beta_mean,loss_mean,fn_count_mean,fp_count_mean,precision_median,recall_median,f_beta_median,loss_median,fn_count_median,fp_count_median,precision_std,recall_std,f_beta_std,loss_std,fn_count_std,fp_count_std,sampling_strategy
240,0.28141210029639263,0.13559281669228837,0.13861272492609192,0.2571348352582365,953.8,373.8,0.27918781725888325,0.14221014492753623,0.15145668531738377,0.2558,947.0,273.0,0.0591798902129294,0.10710253134900631,0.1042141178102157,0.013033995924851837,118.2509753561921,344.3959848452215,objective_aware_sampling
440,0.29431135388216906,0.041701486065670854,0.04353126993583946,0.26942451727413685,1057.4,101.6,0.30185979971387694,0.0036231884057971015,0.0040209087253719345,0.27538623068846557,1100.0,8.0,0.20735028032954436,0.07508539972697782,0.07783764209045492,0.011086093283601972,82.99853840308977,193.61831643472254,objective_aware_sampling
640,0.38823009325422275,0.11271055881850568,0.11705473791677497,0.25579509524523825,979.0,221.0,0.4628099173553719,0.08703535811423391,0.09514370664023787,0.2551,1007.0,67.0,0.2275429004459228,0.10011129139684412,0.09821102890103958,0.01264497270572191,110.18068082371904,320.3610933392552,objective_aware_sampling
840,0.35866991196288645,0.36861770270802996,0.3238397621602705,0.24999438278086042,696.6,1517.0,0.3220338983050847,0.3269927536231884,0.32649000633083114,0.22835,743.0,760.0,0.15223777525293872,0.20485106859685978,0.11637570194265434,0.044366403265261985,225.88440050867268,1956.2028411071167,objective_aware_sampling
1040,0.5410077905766879,0.27203838017527965,0.2818403018123969,0.21602594120294002,803.2,304.6,0.5577689243027888,0.2536231884057971,0.26825062272465994,0.21708914554272285,824.0,222.0,0.07957267222346602,0.10209615599983134,0.09495834026433927,0.0166878577756022,112.44346080466079,238.71573418341097,objective_aware_sampling
1240,0.5342266058691656,0.3079301181231686,0.3163710791290485,0.20892601319934032,763.6,360.6,0.5545112781954887,0.26721014492753625,0.28181123423767673,0.21408929553522324,809.0,237.0,0.09017095115776176,0.09964883375217759,0.08777765871852605,0.013279876113209403,109.78070673587688,286.6395041810232,objective_aware_sampling
1440,0.4484730443694956,0.37923022849409366,0.3190146865701061,0.2656057467126645,685.0,1887.2,0.538370720188902,0.41304347826086957,0.4228878790689048,0.24378781060946952,648.0,391.0,0.18943106184671216,0.24508735566068085,0.14768798457337298,0.10443952816499011,270.4909792636598,3159.905017935576,objective_aware_sampling
1640,0.4486753173060678,0.36998157199732,0.3165064450552483,0.2620257677116151,695.2,1764.6,0.5509950248756219,0.401268115942029,0.41247672253258844,0.239938003099845,661.0,361.0,0.1862606705910629,0.22987769970422778,0.14232990992473232,0.09721668955307688,253.7020513143743,2932.1607257269047,objective_aware_sampling
1840,0.49589769705686293,0.43305165753478797,0.3683559743910281,0.257116211189441,625.6,2014.4,0.5649779735682819,0.40344514959202177,0.4131847725162489,0.2113894305284736,658.0,395.0,0.21036042197504115,0.22501416370651378,0.10493259895058038,0.12080490691943128,248.29379880761388,3505.6034723372754,objective_aware_sampling
2040,0.49924375093394324,0.41618921386994534,0.36596466340173733,0.24918619419029076,644.2,1762.8,0.5498426023084995,0.40797824116047143,0.41724617524339364,0.21413929303534823,653.0,408.0,0.2144707153146465,0.1908690881107516,0.10243168664698227,0.10619292996374353,210.635671894648,2987.7738013837825,objective_aware_sampling
2240,0.5011468294571917,0.44170674182401015,0.4451210383644071,0.17922656167191653,616.0,504.6,0.48544698544698545,0.4230072463768116,0.42851899431088275,0.1838,637.0,495.0,0.047703249132767335,0.06308757287452685,0.0531541782913143,0.009725530816730506,69.45010138879978,162.57179318595962,objective_aware_sampling
2440,0.4904827182395709,0.44950398780664025,0.4507758060786782,0.17904655367231653,607.4,544.0,0.4647495361781076,0.453804347826087,0.4548756128563647,0.17959102044897754,603.0,577.0,0.05645540782303915,0.06769707508193185,0.05790402266842893,0.009942241585154644,74.5489115023524,187.5076080930678,objective_aware_sampling
2640,0.3103676126878415,0.6331431405783987,0.5610260571723815,0.19139668666566662,404.8,1804.0,0.3403755868544601,0.5965548504079783,0.5563151598017433,0.1692,445.0,1405.0,0.08065695928783695,0.07259620001459624,0.029456820847443332,0.03176523499547604,80.14214884294037,964.7164893179265,objective_aware_sampling
2840,0.31145889491881645,0.6447480192360746,0.5640751418136124,0.19409662616869144,392.0,1922.0,0.31904161412358134,0.6875,0.5726215329555621,0.17014149292535374,345.0,1620.0,0.09433640262340844,0.09131660774664044,0.037224229516957086,0.03214474523186972,100.81537149876888,1083.1467392258776,objective_aware_sampling
3040,0.3069705791102024,0.6916719224250061,0.5940514826362794,0.19746523723813827,340.2,2248.4,0.34807417974322397,0.6636446056210336,0.6084788029925188,0.1655,371.0,1371.0,0.10058968452566787,0.05013594761046235,0.03865797638265155,0.07026901316339339,55.26961847395899,1640.1228922480102,objective_aware_sampling
3240,0.29923012942552074,0.7052641347050838,0.5932202677792242,0.20873473576321194,325.2,2548.8,0.30954258675078866,0.7116953762466002,0.6239382239382238,0.16705,318.0,1751.0,0.10710169841260818,0.06692172095424234,0.04594865391423542,0.08965777800610446,73.80301523292435,2108.2803609718926,objective_aware_sampling
3440,0.2949732863292553,0.7321148186106391,0.6239271107720353,0.18414675466226735,295.6,2205.0,0.27068437180796734,0.720108695652174,0.6299792461672357,0.18145,309.0,2142.0,0.0802508045345918,0.06649383327171426,0.009720863383665967,0.03384523219508822,73.41898888566968,1035.6227637879244,objective_aware_sampling
3640,0.29188283650732594,0.7370080938678437,0.6255251666827893,0.18545675466226727,290.2,2258.2,0.26688963210702343,0.7228260869565217,0.6222044195206622,0.1822,306.0,2192.0,0.08115025133067523,0.06521670108751178,0.016340223313754735,0.03592476791571077,72.00543678660149,1053.4361788579454,objective_aware_sampling
3840,0.3574359958113423,0.7032802501740995,0.6364711395737009,0.15538697665116696,327.4,1470.8,0.37435367114788004,0.6699909338168631,0.633139136394791,0.15525,364.0,1210.0,0.05179722833421666,0.05566264036091543,0.027032970589132458,0.012570031341338954,61.41509453284255,484.4744906344107,objective_aware_sampling
4040,0.3521322372430355,0.701647187512317,0.6339195770527576,0.1569769431528424,329.2,1493.6,0.35590706870983685,0.6627379873073436,0.6281687720202801,0.15709214539273036,372.0,1303.0,0.050366113969227196,0.05475378266054367,0.027591356513045773,0.011758278894637384,60.399471056426485,455.21682574522475,objective_aware_sampling
4240,0.3391923829985097,0.731368172441432,0.6535126410386561,0.15441677116144192,296.4,1606.4,0.33091495364772266,0.7192028985507246,0.6465261910806465,0.15465,310.0,1657.0,0.03599650191666249,0.03167676549558165,0.0123573302019395,0.007517641652252295,34.88773942828781,302.4747590556471,objective_aware_sampling
4440,0.34215802050901295,0.7279226943645121,0.6516772675487589,0.15427678016099183,300.2,1584.6,0.33374033374033374,0.7146739130434783,0.6435433137804982,0.15635,315.0,1602.0,0.03911218104473215,0.037021075183641915,0.01524028957236871,0.007743232988369623,40.78272373880338,331.73967789350866,objective_aware_sampling
4640,0.3236322764611704,0.758383920007357,0.6667055919535143,0.1558369311534425,266.6,1783.8,0.30592592592592593,0.7644927536231884,0.6597886679424244,0.16115,260.0,1874.0,0.03497225500835551,0.023854100551844167,0.011440507639950546,0.010757362992833457,26.320875540312734,307.986526847238,objective_aware_sampling
4840,0.317183829250512,0.7640044608248923,0.667455544186629,0.15793690815459224,260.4,1856.8,0.30170846964740095,0.7635869565217391,0.6642604822607895,0.16454177291135444,261.0,1921.0,0.03675367275412519,0.02416627226677033,0.009448201099074639,0.011850075441721678,26.68170595812459,345.86158477184983,objective_aware_sampling
5040,0.3267749282872312,0.7661660556847578,0.6660921887225721,0.1599366791660415,258.0,1908.8,0.3111504424778761,0.7961956521739131,0.6654465592972182,0.1535423228838558,225.0,1946.0,0.07424490297699715,0.053996821796071494,0.01506157328604044,0.02093672568570389,59.51170818295095,692.3058471849788,objective_aware_sampling
5240,0.32478598724688407,0.7661668768970005,0.6659249751925242,0.1601466726663664,258.0,1913.0,0.3041695146958305,0.7835144927536232,0.6657877389584708,0.1552922353882306,239.0,2036.0,0.07143465472540694,0.0520420017785763,0.015309217467781152,0.020430514749002385,57.35781860251233,667.1128211397468,objective_aware_sampling
5440,0.3069353688542219,0.7808508087298153,0.6746851741623402,0.1591266906654665,241.8,1973.6,0.3029871977240398,0.7717391304347826,0.6735916899720337,0.16099195040247988,252.0,1960.0,0.02499042093913262,0.03216276475823869,0.009539225335843898,0.00720180789678812,35.43193261366781,316.8152020798686,objective_aware_sampling
5640,0.3065627493591002,0.7819385864637948,0.6754231797106491,0.1589167391630419,240.6,1975.4,0.2993031358885017,0.7780797101449275,0.6755900522730872,0.16179191040447977,245.0,2011.0,0.02324346768372374,0.03308687323788969,0.012159342163844497,0.005424619946437623,36.449869443608975,283.77399581666015,objective_aware_sampling
5840,0.3290463223030081,0.7683330705454154,0.6709932066668627,0.1566863886805659,255.6,1855.8,0.3657117278424351,0.7443336355394379,0.6718197516651592,0.14235,282.0,1417.0,0.060055729679948766,0.04495366917256197,0.010411001013044674,0.021232348543898175,49.49862383408136,655.3399398001371,objective_aware_sampling
6040,0.32399150886223327,0.7741349350256862,0.673421746144304,0.15732636918154141,249.2,1900.6,0.3598090277777778,0.7515865820489573,0.6777859537241435,0.14225,274.0,1475.0,0.057161496891407905,0.04127564055429846,0.008881302669722617,0.0209345725569278,45.442567302881585,633.0122219016974,objective_aware_sampling
6240,0.3657476199687978,0.7500303848529047,0.6755714055998258,0.14324692665366753,275.8,1486.0,0.3872340425531915,0.742520398912058,0.6800605915650163,0.1399,284.0,1296.0,0.04517226626712323,0.03744776401488684,0.01167339932268847,0.009051676495385854,41.215864357641095,378.5181099973415,objective_aware_sampling
6440,0.36344760589954056,0.7552871286478248,0.6784959541381653,0.1432068926553672,270.0,1514.2,0.39171822941456447,0.7461468721668177,0.6810290404040404,0.1385,280.0,1278.0,0.04679381629481989,0.0357705885855599,0.010000186158712584,0.0102037586671659,39.36382397961193,391.71381759342756,objective_aware_sampling
6640,0.38382340317985597,0.7445972446686902,0.6791648977175638,0.13747715864206803,281.8,1340.6,0.38633193863319387,0.7533998186763372,0.6842190801235168,0.1371,272.0,1320.0,0.032378219253806226,0.0291081194668489,0.012591185743026357,0.004092751735663543,32.01797248105745,229.6101630291921,objective_aware_sampling
6840,0.3816216338838505,0.7462252158145772,0.6792900230020643,0.1380571496425178,280.0,1361.2,0.3937649880095923,0.7443336355394379,0.6834831834831835,0.13795,282.0,1264.0,0.03437026401433481,0.034639771607924454,0.015024431649077378,0.004389107690818187,38.114176839995835,266.7669216304571,objective_aware_sampling
7040,0.41137555859909447,0.7330007423758654,0.6790229263972548,0.13210733413329354,294.6,1169.2,0.42389006342494717,0.7264492753623188,0.678052079810619,0.13135,302.0,1090.0,0.025799581116620188,0.022825957848756243,0.010815902714082932,0.003190909608845345,25.11018755380658,170.22921256390342,objective_aware_sampling
7240,0.41087158720378075,0.7362635828504593,0.681446147011933,0.1315673396330183,291.0,1176.4,0.41995841995842,0.7318840579710145,0.6812816188870152,0.1305,296.0,1116.0,0.025809965303018427,0.02208088817917922,0.010952253270219927,0.003648692789975641,24.287133730946206,166.38680106176548,objective_aware_sampling
7440,0.42905998737543954,0.7253927036934837,0.6783186013769732,0.12911741312934347,303.0,1067.4,0.4318681318681319,0.7234814143245694,0.6787445776983924,0.1281,305.0,1034.0,0.011089821554422967,0.01682013758282383,0.010531207598379905,0.0013682477461403042,18.539421375208477,74.23862817323253,objective_aware_sampling
7640,0.4296880754799979,0.7297421722049218,0.6818486722638238,0.12813744362781856,298.2,1071.8,0.4344528710725894,0.7271078875793291,0.6812197400832413,0.1281,301.0,1044.0,0.013158489069454733,0.01696476559293557,0.009945229669175739,0.0007561823834392229,18.68505418777265,84.05266206373238,objective_aware_sampling
7840,0.4422698548523722,0.7183223947862885,0.6759764163623455,0.12773746112694367,310.8,1000.8,0.44528521536670546,0.7180417044424298,0.6758255823875757,0.12775,311.0,998.0,0.00838728636403715,0.017550469339315967,0.012511253105129183,0.002547453083601332,19.31785860329629,56.3766991175417,objective_aware_sampling
8040,0.43921337922476333,0.7201356314136683,0.676741947566418,0.1279674636268187,308.8,1015.4,0.43902439024390244,0.7189483227561196,0.6755835747146022,0.1284,310.0,1018.0,0.006782710844957716,0.015377413152466973,0.011039494426884363,0.0022803190891113774,16.92838947952138,46.67603080652695,objective_aware_sampling
8240,0.4479772374250846,0.7166955733375383,0.6760613884180764,0.12691745062746856,312.6,975.4,0.44733861834654587,0.7155797101449275,0.6750982737993505,0.1272936353182341,314.0,976.0,0.008243961902246834,0.008851036486136346,0.005453323030015082,0.0008198921784093625,9.827076298239897,43.319411683117686,objective_aware_sampling
8440,0.44697630874082583,0.7174203752611455,0.6764267016695756,0.12695745162741867,311.8,980.2,0.44733861834654587,0.7155797101449275,0.6750982737993505,0.12715,314.0,976.0,0.007601698056378483,0.007487872035632175,0.004346399969497332,0.0004776067430254538,8.324662155306912,39.78613280574486,objective_aware_sampling
8640,0.4402451035986088,0.7215901625343266,0.6781601285885098,0.1274874586270687,307.2,1013.8,0.43663530713890425,0.7243880326382592,0.6783444959642795,0.12825,304.0,1018.0,0.012111532033383212,0.005487207390061706,0.003910768923275894,0.00212415988154066,6.190149329212413,52.2180831238394,objective_aware_sampling
8840,0.4414508112450999,0.7206853508875669,0.6776317548633519,0.1274874551272437,308.2,1008.8,0.4376731301939058,0.7262012692656392,0.6788710907704043,0.12765,302.0,1030.0,0.015308595974789363,0.009444438490596783,0.004861539487992769,0.0015794777086493795,10.551832848874568,70.60444911826815,objective_aware_sampling
9040,0.4472106760858386,0.7159709356563789,0.6752671572504052,0.12726746062696867,313.4,978.4,0.438195991091314,0.7128623188405797,0.6740312419090361,0.12635,317.0,1009.0,0.014562418258804407,0.009272813820684836,0.00741932520480658,0.0030181881239761538,10.3043345415814,59.231631810178506,objective_aware_sampling
9240,0.4464368124110175,0.7165145781596963,0.6755026432860999,0.12732746362681868,312.8,982.6,0.4389709906951286,0.7164855072463768,0.6733060946544092,0.1265,313.0,1021.0,0.015593793456340089,0.007912418729980067,0.005616596490090671,0.002628158096318004,8.812869377601539,64.74501267794045,objective_aware_sampling
9440,0.4582206279663831,0.7186873415060377,0.6797740386618268,0.12470751812409378,310.4,942.2,0.46229130685089237,0.7153218495013599,0.6806373397990995,0.1229,314.0,934.0,0.023034171727669056,0.007693382653289412,0.0058796914765413405,0.0038758362847445644,8.475351258052294,92.41872674210342,objective_aware_sampling
9640,0.4527914863259793,0.7214047328103855,0.6808617308492156,0.1250875091245438,307.4,964.8,0.46158256880733944,0.7255434782608695,0.6797929220062802,0.12315,303.0,939.0,0.01900211515504125,0.007954010498555061,0.008240431183028278,0.004304392626259554,8.699753691094605,73.66933845618153,objective_aware_sampling
9840,0.45957494959374323,0.7203171193188537,0.6814911258014975,0.12401749862506872,308.6,937.4,0.4677887405687754,0.7255434782608695,0.6811894882434303,0.1214,303.0,917.0,0.01893385258438677,0.00968416826426557,0.008748053124269933,0.004143625265797988,10.61654892661034,75.55601307051023,objective_aware_sampling
10040,0.4575514140467967,0.7204982787391436,0.6812102926531771,0.12434748812559374,308.4,945.0,0.4618035611717404,0.7237318840579711,0.6835464915312824,0.12184390780460977,305.0,937.0,0.019124353081177325,0.008549823430425508,0.008106432149910952,0.004122524608846887,9.343446901438469,75.24293986813647,objective_aware_sampling
240,0.3911578440047564,0.10801223934723526,0.11542747404025702,0.2562750247487617,984.2,204.6,0.3948339483394834,0.10063463281958296,0.10857869509928594,0.2572,992.0,185.0,0.04756396630603471,0.04768151553633565,0.04965629333092361,0.0075955300495249125,52.252092058576764,118.81205839847875,random_sampling
440,0.38943705408869034,0.17181106862706394,0.1806125096233009,0.2439452927353632,913.8,310.0,0.39215686274509803,0.16953762466001812,0.17977312055373965,0.2434,916.0,288.0,0.03471526008464401,0.05948362081959934,0.05981234687733392,0.00974244096734547,65.3051851931738,142.7795790605971,random_sampling
640,0.4964400570775817,0.19068613925131667,0.20223467857691493,0.23484527673616373,893.0,232.0,0.49382716049382713,0.1885766092475068,0.20168719092407641,0.23265,895.0,181.0,0.06598140948192731,0.04243477222546607,0.041931387216673034,0.006896390642351638,46.878102407794366,113.93369575893124,random_sampling
840,0.4943428448818317,0.20192426452231743,0.2136653565291581,0.2324453227338644,880.6,246.0,0.4930139720558882,0.20036264732547598,0.2138157894736842,0.2299,882.0,201.0,0.06302966335188002,0.0413161618069485,0.04043106346487917,0.0065187892023437916,45.64543770089172,115.20450044627994,random_sampling
1040,0.5124112865330134,0.24250923042558417,0.25514583334803786,0.22246568571571435,835.8,270.4,0.4924924924924925,0.24206708975521304,0.2536094224924012,0.2223,836.0,334.0,0.06640022051760931,0.03981370039870741,0.03918872929995902,0.0071861967960502775,43.63989201032118,91.70389028525324,random_sampling
1240,0.5092387400736818,0.24631522067615294,0.2588952137336729,0.22169570821458967,831.6,276.0,0.4889543446244477,0.24388032638259294,0.2555091185410334,0.22095,834.0,332.0,0.05970108802504949,0.04120049204363303,0.0405911511320332,0.007537023474818939,45.17199274518916,89.03274879022243,random_sampling
1440,0.5295147653791015,0.26299108491991585,0.27644174517353265,0.21641581020948875,813.2,262.4,0.5437352245862884,0.2747053490480508,0.2893706427275332,0.21288935553222338,800.0,241.0,0.028892373032020063,0.03916026966883249,0.038624607778318644,0.007959909004180664,42.915399413838514,63.86847215301002,random_sampling
1640,0.5282847845907536,0.26444150997937144,0.27785701602252416,0.21612581320933857,811.6,264.6,0.5380952380952381,0.28195829555757024,0.2965293668954996,0.21298935053247336,792.0,250.0,0.02820661938524189,0.040487791908800384,0.040067899832318246,0.008451632938983333,44.39602996480116,62.70989428408803,random_sampling
1840,0.54232105124264,0.2784052386771255,0.29210554237232633,0.21223583520824002,796.2,263.8,0.5464285714285714,0.27107887579329104,0.2843556823585354,0.21545,804.0,254.0,0.027671893177852035,0.041879135052297414,0.04058120438803919,0.008486329906050142,46.098583772577214,64.59433959824942,random_sampling
2040,0.542775297986002,0.27786093920401483,0.29160418667701943,0.21230584020798973,796.8,262.2,0.5497287522603979,0.2692656391659112,0.2826956025128498,0.2156,806.0,249.0,0.02458219719892573,0.04175691664008616,0.040508046382195795,0.00854539556006832,45.952810407130954,61.897084096166,random_sampling
2240,0.5453504564172607,0.32752259976086306,0.34049466082828805,0.20083609369531455,742.0,306.8,0.5631399317406144,0.29891304347826086,0.31362858772096563,0.2053,774.0,280.0,0.03143373431310939,0.045088778137082744,0.042447457212073034,0.008979915712121684,49.597373897086825,76.87985797862838,random_sampling
2440,0.5445004620464304,0.3298784934368718,0.34276393246177017,0.2003361106944657,739.4,309.8,0.561344537815126,0.302536231884058,0.31715886430538415,0.2052,770.0,279.0,0.03117477693619158,0.04555528153397283,0.042891257099433866,0.009169477321962095,50.107040063423625,76.22305844805264,random_sampling
2640,0.5491542680562854,0.3378516430814517,0.3507903672504807,0.19822615619219022,730.6,311.6,0.5497382198952879,0.3451086956521739,0.35791451385627054,0.19714014299285035,723.0,278.0,0.03116593830340862,0.04048348040974701,0.038183957606568696,0.007878495178681218,44.43684061938714,75.02442635745076,random_sampling
2840,0.5480894866764647,0.34002719854941155,0.35287823996282924,0.1977861586920649,728.2,314.8,0.546875,0.34692028985507245,0.3596244131455399,0.1967901604919754,721.0,284.0,0.03157625394005202,0.03995664412566134,0.03769849142920281,0.007825692959714631,43.860673679871454,74.58302930874802,random_sampling
3040,0.5490670210141614,0.36377468563995463,0.3759979402679387,0.19231624268786546,702.0,336.4,0.5273159144893111,0.37624660018132366,0.3897811590119282,0.19084045797710114,688.0,369.0,0.0417558015340265,0.031216908857639024,0.02926476261502966,0.006065812496689022,34.218489562412834,70.54279575916706,random_sampling
3240,0.5505881193241605,0.36540643436214815,0.37760600313456555,0.1918662446877656,700.2,336.4,0.5267538644470868,0.37805983680870353,0.3916596224288532,0.1903904804759762,686.0,374.0,0.04244143146952553,0.0316394669633487,0.02959281721741473,0.005948554722746346,34.69638425628481,72.80196725900764,random_sampling
3440,0.5498990189048392,0.3880592455358909,0.39929464677916315,0.18653640167991573,675.2,354.8,0.5592203898050975,0.4070716228467815,0.4190387307512833,0.18209089545522725,654.0,339.0,0.024866581967958844,0.04036639372210063,0.03768186179156769,0.008060335390844366,44.30470075370931,67.82640563803409,random_sampling
3640,0.5515760569105732,0.38969132274298107,0.40093918228970965,0.18605639868006607,673.4,354.2,0.5639880952380952,0.41160471441523117,0.4235074626865672,0.18254087295635218,649.0,339.0,0.026443570577033792,0.03969053588521387,0.03699157516201528,0.007878992046929649,43.56769333392618,68.98844017695129,random_sampling
3840,0.5510711061255614,0.4041926169734718,0.4147917832009803,0.18281646317684108,657.4,369.4,0.5293489861259338,0.3925657298277425,0.4023415721984761,0.1837,670.0,402.0,0.036994733953602824,0.030180445122176082,0.027291041668854193,0.005498682276058816,33.03118404624417,72.63895380622502,random_sampling
4040,0.5509808112848283,0.40419261697347164,0.4147643023487533,0.18284646017699105,657.4,370.0,0.5270988310308182,0.3925657298277425,0.40230419028152004,0.18405,670.0,403.0,0.03837073212866339,0.030029625484957547,0.02702548937550733,0.005322773602215772,32.86347200476231,74.949593450809,random_sampling
4240,0.5534376904225025,0.42304748577660417,0.4327054664695313,0.1783464946752666,636.6,384.0,0.5246252676659529,0.4429347826086957,0.4498206236776745,0.176041197940103,615.0,444.0,0.037135210215781506,0.028886920278017092,0.02529586227901588,0.004084085025005765,31.681722548247844,79.32686605338915,random_sampling
4440,0.5536335131447977,0.4235919494921621,0.43324734045553315,0.17820648817559118,636.0,384.2,0.5250800426894343,0.4447463768115942,0.45124528995496743,0.17594120293985302,613.0,445.0,0.0378326503338882,0.027649904902534744,0.024114180280770205,0.0038081173095700356,30.323945433710705,79.1362748681034,random_sampling
4640,0.5660880634240971,0.4252258333661812,0.435574030293193,0.1768065066746666,634.2,365.2,0.5479143179255919,0.43931159420289856,0.4481611532064313,0.17479126043697815,619.0,401.0,0.031060803318452398,0.03254336837755151,0.029269236279080804,0.005644903976146836,35.795421916997,70.66133639007725,random_sampling
4840,0.5677940372391562,0.42504483818834093,0.4354872627733709,0.17673650467476648,634.4,362.8,0.5493757094211124,0.4384057971014493,0.44744383840251456,0.17484125793710315,620.0,397.0,0.03195698023906584,0.032787664053677466,0.029430464022940674,0.005633581936571701,36.070453447944004,71.92271972012946,random_sampling
5040,0.5589357130293284,0.4362801713377227,0.4456478495292953,0.1747465841707916,622.0,385.0,0.5487012987012987,0.45561594202898553,0.4629970544918999,0.17235,601.0,417.0,0.030273756607031264,0.02737120084471306,0.024134252182838264,0.0043527838227918805,30.022213997860487,68.23057124715565,random_sampling
5240,0.5583675922258077,0.4364614950004598,0.44580190171618894,0.17473658667066666,621.8,385.8,0.5488069414316703,0.45652173913043476,0.46404566798637326,0.17275,600.0,416.0,0.029450163293059592,0.026727241396020895,0.023565478497994025,0.004261625728513577,29.309252089818177,66.95990615478838,random_sampling
5440,0.5552018831951011,0.43990648035003405,0.44886551436256955,0.17415659417029117,618.0,393.2,0.558165548098434,0.4519927536231884,0.46075715604801476,0.1727,605.0,395.0,0.02729805070025146,0.026885865739429294,0.023959932369577185,0.004649281951210248,29.51028876268643,64.75105527838032,random_sampling
5640,0.5563650105771238,0.44045061558069587,0.4494515000824901,0.17394659417029115,617.4,392.0,0.5638418079096045,0.4519927536231884,0.46114037519637746,0.1724,605.0,386.0,0.028075506941046033,0.026168399081575495,0.023210044335367625,0.004405753721591319,28.72305755116822,65.43726069846825,random_sampling
5840,0.5625089305470695,0.4455270211675658,0.4547951131041459,0.17217660716964137,611.8,384.6,0.5600882028665931,0.4583333333333333,0.4659729256837646,0.17034148292585372,598.0,399.0,0.01972175302050577,0.01903116587092838,0.016738646979736135,0.0030623553220322877,20.83522070961444,45.95913621724046,random_sampling
6040,0.5625482637318189,0.44643347523880883,0.4556500953275142,0.17195660916954142,610.8,385.2,0.55995599559956,0.4583333333333333,0.4659729256837646,0.17034148292585372,598.0,400.0,0.018665804887309168,0.019478706666553672,0.017175215833865914,0.0031816892320162015,21.337669831688515,45.02294286933479,random_sampling
6240,0.558493193705134,0.4475225669123737,0.4565009730900267,0.1719865976701165,609.6,391.8,0.5664335664335665,0.45108695652173914,0.45927289461573856,0.17285,606.0,377.0,0.018052920311812586,0.010518521992827554,0.008981115751155398,0.001584682369279537,11.416804909581066,36.32290648273534,random_sampling
6440,0.5610375159387192,0.447703726332664,0.45684708911998156,0.17173660466976642,609.4,387.8,0.570926143024619,0.45330915684496825,0.4603203829865586,0.1723,603.0,377.0,0.01721565301279702,0.01077672568806984,0.009368114458555793,0.001790107577289319,11.699609013288867,34.50642863324567,random_sampling
6640,0.5662568014527015,0.4384576977150584,0.4484289747540132,0.17350658917054157,619.6,372.2,0.5705812574139977,0.43568840579710144,0.44623805547824474,0.17384130793460326,623.0,362.0,0.01774611682942323,0.01898604598361297,0.017088184002587936,0.003584682863180924,20.780717077309745,39.720144607496714,random_sampling
6840,0.5668308072733584,0.43863902137779687,0.4486270906001435,0.17342658817059142,619.4,371.6,0.5687203791469194,0.43478260869565216,0.44526901669758817,0.17419129043547824,624.0,364.0,0.018353087700339592,0.019319796152216104,0.017353592294231338,0.0036107888179978138,21.154308353259072,40.84442026356439,random_sampling
7040,0.5646136234478032,0.4419002194279108,0.4515463840368305,0.17282661866906637,615.8,377.6,0.5722543352601156,0.4483695652173913,0.45829089899083414,0.17225,609.0,370.0,0.01621570115560824,0.02120590821322291,0.01917146442938703,0.004031759829197308,23.205411852421484,40.64592401755073,random_sampling
7240,0.5658571664493173,0.44244369768878034,0.4521340123259342,0.1726066256687167,615.2,376.2,0.5709342560553633,0.44786944696282865,0.45601403120096,0.17285,609.0,372.0,0.01647395812553479,0.021346705654373795,0.019281679117226412,0.004052458590804866,23.354494908527396,40.91058146342675,random_sampling
7440,0.5719518335653224,0.4399063161075848,0.45015257149987775,0.17273661366931678,618.0,364.8,0.5770567786790266,0.43880326382592927,0.44860506070998235,0.17265,619.0,365.0,0.016432570454010448,0.018950982173955414,0.017097317639467178,0.0035110750305643703,20.69096281058432,38.66151889771353,random_sampling
7640,0.5707048376287374,0.4399058233802407,0.45006319220009616,0.1728366181690918,618.0,366.8,0.576036866359447,0.43789664551223934,0.4474708171206225,0.17305,620.0,368.0,0.01748495492779404,0.01956462647596228,0.01764389373700006,0.0036365035733416625,21.3592778435976,40.43907454430675,random_sampling
7840,0.5706103003391295,0.4520504027224825,0.4614758977992215,0.1700066686665668,604.6,377.2,0.5739514348785872,0.4514959202175884,0.4601312020696664,0.17,605.0,386.0,0.019000689702795337,0.019069141200851368,0.017093079640862673,0.003528417980433711,20.819808038972393,42.052751376159534,random_sampling
8040,0.5709332100252059,0.4525948664380415,0.46201205616772795,0.16985666016699166,604.0,377.2,0.5725359911406424,0.45330915684496825,0.4619364375461937,0.1691,603.0,386.0,0.019415385872699305,0.018132082216937604,0.01616413992921221,0.003265012751260644,19.79711913198315,42.39863729466363,random_sampling
8240,0.573080311843408,0.45296047012758345,0.46249936740513387,0.16961663316834155,603.6,374.4,0.573394495412844,0.4528985507246377,0.4635823114083984,0.1689,604.0,372.0,0.02115082623984365,0.016056034334179604,0.014061702849892568,0.0026600035024590936,17.596381817328815,43.59647991781549,random_sampling
8440,0.5724005925843387,0.4524164991393698,0.4619435751437297,0.1697966336683165,604.2,375.0,0.574052812858783,0.4528985507246377,0.46278226930582655,0.1693,604.0,371.0,0.021419041857167392,0.01627639457611685,0.014309745476378411,0.0027789384194954253,17.833319173033182,43.99328461150738,random_sampling
8640,0.5727531123730016,0.45440958124745395,0.46390230106400143,0.16925665666716666,602.0,375.2,0.5754504504504504,0.457842248413418,0.4657812211769047,0.16865,598.0,377.0,0.01598217955038093,0.013165148812595088,0.01166164817564693,0.0023101466797128727,14.336612624272808,33.092876295941124,random_sampling
8840,0.5744902363947156,0.45585951357956594,0.465369934115152,0.16878666616669158,600.4,373.8,0.5762331838565022,0.45965548504079784,0.46766903422193534,0.1681,596.0,378.0,0.016279982111806576,0.013803598280923458,0.012232930508948702,0.002416013959170307,15.04346643406834,33.921015523089046,random_sampling
9040,0.5757732811496443,0.45749208351400034,0.4670545371640325,0.16826666966651663,598.6,372.4,0.5760992108229989,0.4628623188405797,0.47214265915180625,0.16704164791760412,593.0,376.0,0.014688199989754897,0.010561315237481805,0.01014328054598388,0.002863846306142412,11.48191982024864,22.62985516585526,random_sampling
9240,0.5753439500453238,0.45731092409371016,0.4668544552388654,0.1683466656667167,598.8,373.0,0.5772266065388951,0.46237533998186764,0.47306661738889405,0.16674166291685416,593.0,375.0,0.015489123687365762,0.009641863286791914,0.009237672244239242,0.002641979457330952,10.456258094238722,24.1522945769824,random_sampling
9440,0.5744654584367068,0.46038964878394883,0.4696122720115915,0.16771670616469175,595.4,377.4,0.5817361894024803,0.4669084315503173,0.4763666635833873,0.1655417229138543,588.0,371.0,0.016588789050423415,0.016936471344880064,0.015405924439631246,0.003544526119533958,18.485840954348713,33.99442678780715,random_sampling
9640,0.5743547154735059,0.460208489363659,0.46943808660448144,0.16776670466476673,595.6,377.4,0.582579185520362,0.46648550724637683,0.47597042513863225,0.16569171541422928,589.0,369.0,0.0172022624148018,0.017155775567833983,0.01568329810842773,0.003702458805278473,18.73041834633097,34.17768695676004,random_sampling
9840,0.5778514117237445,0.4685478996675732,0.47749963183287764,0.16551673266336683,586.4,378.4,0.5830508474576271,0.46237533998186764,0.4725722757598221,0.166,593.0,369.0,0.012304581249684756,0.016283713056656903,0.014659746219444192,0.00331464382141479,17.821335527956368,29.315145876795118,random_sampling
10040,0.5774404310018968,0.46854839239491763,0.47748327691907466,0.16554672816359184,586.4,379.0,0.581081081081081,0.4641885766092475,0.47403018239051936,0.16585,591.0,372.0,0.012915642559307971,0.015271652143039187,0.013681701552308934,0.003033868125271482,16.69730517179344,29.715315916207253,random_sampling
240,0.22199723209176028,0.20642023729748882,0.20147717846812646,0.2527050957452134,875.6,676.2,0.2529960053262317,0.17225747960108795,0.17793594306049826,0.24823758812059396,913.0,561.0,0.1215751566350237,0.14455862365138514,0.1311162424452186,0.01275662229682618,159.32916598203252,595.6689061745062,uncertainty_sampling
440,0.20201432846331724,0.25028840973892036,0.2360103319286648,0.25260504774761333,827.2,916.2,0.21830314585319352,0.20761559383499548,0.20863702623906707,0.24843757812109393,874.0,820.0,0.11130484860360948,0.1732254208374982,0.152371967005934,0.01445845900266345,191.00752281125423,747.7864306749885,uncertainty_sampling
640,0.3737370697392015,0.3935410014847517,0.3466800862326849,0.2498856492175401,669.2,1651.8,0.4167709637046308,0.3019038984587489,0.3106060606060606,0.21698915054247286,770.0,466.0,0.14456760939164895,0.17941950428315248,0.0710981242683233,0.0700500227117194,198.03222762953592,2383.3112144178476,uncertainty_sampling
840,0.36757111616830357,0.42344955128963097,0.368433691491223,0.24743570971451487,636.2,1767.8,0.4137542277339346,0.3327289211242067,0.3393748844090993,0.21283935803209839,736.0,520.0,0.1429390677565703,0.1932275779820438,0.07189328332883158,0.07207503954208506,213.2512021388747,2503.3930867941103,uncertainty_sampling
1040,0.4291705819702862,0.43214421800885644,0.41557579510773,0.2028860411979393,626.6,924.8,0.46424242424242423,0.3898458748866727,0.40063356004844874,0.19354032298385082,673.0,442.0,0.11834012888141693,0.10598854423010935,0.057334466445210015,0.0200211029812375,117.07533498194819,963.3676757098614,uncertainty_sampling
1240,0.49274776088034217,0.3509376601363871,0.3477603273367166,0.21063581570921458,716.2,631.8,0.5476190476190477,0.3079710144927536,0.3221832654221548,0.2135893205339733,764.0,277.0,0.13604270583230726,0.11591889534046719,0.08699364692711126,0.01446507694098027,128.01168333956298,733.2791626366749,uncertainty_sampling
1440,0.5315856779787153,0.3447660859053708,0.3418876680928591,0.20799593070346392,723.0,545.0,0.5915750915750916,0.29257246376811596,0.30814730013356234,0.2063896805159742,781.0,223.0,0.13332968844692697,0.1484218887543025,0.11373651990841946,0.010120874975727981,163.7801176597431,681.3458344473252,uncertainty_sampling
1640,0.537268869200767,0.3530995834811507,0.3513564354663993,0.20732602169891493,713.8,577.6,0.5781758957654723,0.32155797101449274,0.33649289099526064,0.20825,749.0,259.0,0.15553653340359339,0.11493194809568621,0.08115983013689831,0.0076783888684709535,126.82971879687139,730.2146963761674,uncertainty_sampling
1840,0.46799047449658526,0.4212217667231661,0.40404786942776527,0.21265503224838764,638.6,1060.2,0.4988584474885845,0.40942028985507245,0.41937279643718683,0.18845,652.0,439.0,0.17821836776240713,0.07438846621282982,0.03253380129843431,0.05114118720376627,81.91086297728903,1385.358616277309,uncertainty_sampling
2040,0.3987202741535887,0.5016953105496206,0.45206561579847987,0.22473419829008603,549.8,1745.8,0.46812957157784746,0.447463768115942,0.4526628944758793,0.18305,610.0,509.0,0.15002568502668573,0.11017596063587438,0.0363712539155886,0.08982026379963567,121.46989459992801,2352.721235039103,uncertainty_sampling
2240,0.3128013744208399,0.5848967571971052,0.5180218949718697,0.20382560071996483,458.0,1786.6,0.29869451697127936,0.6168478260869565,0.5335996575831075,0.1953,423.0,1570.0,0.11485082811898256,0.11023401003772669,0.06371693858894492,0.026729024163733198,121.51141973340667,981.3735835820949,uncertainty_sampling
2440,0.3995733601878687,0.432340816219271,0.41548141341012035,0.1974956632168382,626.4,818.0,0.36810187992722865,0.48050770625566636,0.4597501734906315,0.1833,573.0,1042.0,0.07907490726632867,0.18731185279019252,0.16840105753108162,0.031053094702478044,206.8819176125637,488.05401509411263,uncertainty_sampling
2640,0.35947477546575274,0.5389471402104922,0.44361737082349245,0.25854596320184065,508.8,2627.0,0.44944707740916273,0.5153985507246377,0.49488972565895634,0.1792,535.0,697.0,0.14338563747597502,0.23020647934849953,0.12229410955699217,0.14236467146648296,254.173527359916,3850.9551374820594,uncertainty_sampling
2840,0.3224809384793477,0.6235564731233664,0.508130493691414,0.25371615769211575,415.4,2997.4,0.30065075921908896,0.628286491387126,0.5004950940678727,0.1831,410.0,1612.0,0.1519043962049324,0.15917163563161885,0.048584797976969615,0.14063379662930373,175.68803255375335,3620.0531091468088,uncertainty_sampling
3040,0.43687646515787665,0.5432458578054571,0.5221353160638971,0.1704365061746908,504.0,888.8,0.40949759119064005,0.5394378966455122,0.522847100175747,0.1699,508.0,858.0,0.09528247385828627,0.089430695845705,0.0632117727372547,0.007475667097705682,98.78570000328821,454.7127081217045,uncertainty_sampling
3240,0.4228002535796309,0.5680781662659148,0.5400628906996316,0.16886660466976702,476.6,994.4,0.3622004357298475,0.5820489573889392,0.5479218229922336,0.1712414379281036,461.0,1148.0,0.10354256862915039,0.08266465392614164,0.052115912449288516,0.004960543935162506,91.30981742737578,498.57787410967615,uncertainty_sampling
3440,0.4823423032116597,0.5361602743505859,0.5230143653689274,0.16482668516574125,511.8,737.6,0.5318725099601593,0.5031731640979148,0.5080556572683999,0.1654917254137293,548.0,470.0,0.10044392771084511,0.08086438603199213,0.055218213523808506,0.004001713757766904,89.20408088948223,414.94803838096766,uncertainty_sampling
3640,0.48441092457993307,0.5323465647049551,0.5243175891011813,0.16238675466226665,516.0,667.8,0.5147717099373321,0.5208333333333334,0.5202207545462771,0.1602,529.0,542.0,0.06978141726116129,0.046543932234273167,0.03248479493739574,0.0036767855330574143,51.26330880140579,249.28131332037646,uncertainty_sampling
3840,0.4784647585812948,0.5497354054160583,0.5369394437728637,0.1607967821608918,496.8,732.0,0.4604786076867295,0.5503173164097914,0.5439406281111413,0.16115,496.0,743.0,0.0865477728713693,0.061691660048651606,0.043700236199420234,0.007016079142193287,67.91011447346222,337.0489765280653,uncertainty_sampling
4040,0.4692524958174375,0.5624164005939002,0.5432660326673137,0.16185674466276706,482.8,823.2,0.4309993201903467,0.5747960108794198,0.5562379364800842,0.1591,469.0,837.0,0.1084935276864384,0.08169333148078803,0.05686876566487271,0.008812447340339884,89.97996891083483,455.17826392310496,uncertainty_sampling
4240,0.4366682447382338,0.596127820042835,0.5622240061996516,0.16327670566471683,445.6,1037.6,0.37353689567430026,0.641885766092475,0.5940095645607852,0.16295,395.0,1231.0,0.12914834675148273,0.1033491923228591,0.07323340571461141,0.01126443314719808,113.89256682735483,546.2223899922623,uncertainty_sampling
4440,0.42638500109715666,0.6035546993049276,0.5626021835938961,0.16666653217339114,437.4,1146.4,0.3544428080510555,0.6545784224841342,0.6034770979605484,0.17249137543122844,381.0,1315.0,0.14248724146967093,0.11541992510966982,0.07911836024071306,0.011460309454075295,127.20944016332545,642.7837073576497,uncertainty_sampling
4640,0.3995818845042,0.6292895200178695,0.5688299191856181,0.1766059512024398,409.0,1487.2,0.39563514269725797,0.6409791477787852,0.6035513061294178,0.16179191040447977,396.0,1080.0,0.14568924615100404,0.1248154753839046,0.06760054345263349,0.03419743276896804,137.59956499847593,1219.1873646883926,uncertainty_sampling
4840,0.41373213158254085,0.6180477814130115,0.5621839406777862,0.17594601619919048,421.4,1412.0,0.4098557692307692,0.6183136899365367,0.5883875420584938,0.159842007899605,421.0,982.0,0.15406159987269746,0.1286151545977959,0.0718746012527473,0.03246789907771769,141.78132205471243,1195.294262152349,uncertainty_sampling
5040,0.400037368946349,0.6316547755134228,0.5817839614846804,0.16593644067796598,406.4,1286.8,0.3798076923076923,0.6446056210335449,0.6025934401220442,0.15724213789310534,392.0,1161.0,0.11772030982093815,0.09861560255586221,0.05556377488291485,0.016930668844439216,108.69184090385883,777.732725457829,uncertainty_sampling
5240,0.3942680593623456,0.636190002233698,0.5874626574470605,0.16392646617669154,401.4,1271.6,0.3741636644364385,0.6521739130434783,0.6063157894736844,0.15694215289235539,384.0,1216.0,0.09795694273978241,0.08294811981416224,0.04185333239310331,0.016540235752389356,91.40613023841071,724.2272299804539,uncertainty_sampling
5440,0.38008737342829474,0.6548656825259187,0.6064810260370013,0.15748669516524177,380.8,1245.8,0.3796849538294405,0.6337262012692656,0.6049822064056939,0.1581,404.0,1142.0,0.05750696364597891,0.04870886972769706,0.022448977937495916,0.007631452452233562,53.603210740408684,404.0457915641149,uncertainty_sampling
5640,0.3869992826931787,0.6470738565440769,0.6036757772250853,0.15597678416079216,389.4,1172.6,0.3850896860986547,0.6228467815049864,0.5979776847977685,0.15885,416.0,1097.0,0.04792086632055049,0.039435622643975536,0.019941498517162284,0.005538248822048791,43.351844898923815,303.01727702465837,uncertainty_sampling
5840,0.376148712760345,0.6568530161483166,0.6010888290854963,0.1631365126743662,378.6,1369.8,0.32689776217639316,0.6754306436990027,0.6103555628379485,0.16334183290835458,358.0,1534.0,0.09261772322555063,0.0704934639537383,0.03271175443943519,0.013341602726584849,77.64435505276367,621.3046173359212,uncertainty_sampling
6040,0.38403870466103357,0.6505068521949356,0.5976611955621706,0.1627965166741663,385.6,1328.0,0.34170616113744073,0.6536718041704442,0.5989864584198721,0.15824208789560523,382.0,1389.0,0.09515278458718844,0.07185591210130886,0.0319427145303401,0.014944755979139197,79.14222834677015,662.1074744271565,uncertainty_sampling
6240,0.3993548975792515,0.6535928035528932,0.6037011253325064,0.15912655017249158,382.2,1271.6,0.41809851088201605,0.6455122393472348,0.6032364653054308,0.1485,391.0,1016.0,0.09101667356149012,0.06667058270724421,0.021651602154456124,0.021261563989574545,73.44729437157679,773.6025132358667,uncertainty_sampling
6440,0.4018621029205116,0.6521428712207824,0.6030289356350368,0.15889657617119157,383.8,1259.0,0.43034238488783944,0.6509519492293744,0.6065213718533535,0.1524,385.0,965.0,0.09218922703627148,0.0685028343843316,0.025931419293596752,0.021498154397165813,75.469960206807,771.7493391984161,uncertainty_sampling
6640,0.4361881171780731,0.6307662238690275,0.6025603956571506,0.1477770491475425,407.4,918.6,0.42424242424242425,0.6364460562103355,0.6045470203238029,0.1494,401.0,983.0,0.040330355767158994,0.02995531560757452,0.018892242556253214,0.004049879099954495,32.89779884033771,183.12412441789374,uncertainty_sampling
6840,0.4356095449462987,0.6296776249228069,0.6017217921705177,0.14795704964751777,408.6,916.2,0.4238657551274083,0.6183136899365367,0.5911927877947295,0.14995,421.0,927.0,0.036796665073124006,0.02918310956435127,0.01852175945433834,0.003496774052175654,32.02982241301886,168.19205292363446,uncertainty_sampling
7040,0.4242757317761742,0.6516074408398701,0.6164891204747815,0.14632703414829268,384.4,1004.6,0.4189189189189189,0.6464188576609248,0.6131223664975493,0.14615,390.0,989.0,0.045081710239255744,0.03644911202601103,0.02045815947784786,0.0033054454310076174,40.06374667287562,238.18945762043916,uncertainty_sampling
7240,0.43074911603627414,0.6430890062674931,0.6111697095875844,0.1466170436478178,393.8,963.4,0.425869432580842,0.6328195829555757,0.6034929967145081,0.1477,405.0,941.0,0.04505016967215937,0.03336930643439445,0.019578092268644456,0.004303400536627866,36.65618195714987,219.03220792410437,uncertainty_sampling
7440,0.43460178240317054,0.6470779626052794,0.6151325159500495,0.14508707114644284,389.4,954.8,0.4158016147635525,0.6536718041704442,0.6183003172969728,0.1432928353582321,382.0,1013.0,0.04544378157685312,0.034642671956173224,0.01993528844920777,0.002538924415869843,38.08092070498199,215.71019205527068,uncertainty_sampling
7640,0.42307082931022694,0.6624820975731542,0.6248120363388762,0.14453706314684267,372.4,1028.8,0.41531322505800466,0.6491387126019945,0.6145395245043344,0.14464276786160693,387.0,1008.0,0.04744666645941828,0.03795860221016538,0.02036277460533866,0.0032901660313550112,41.735326762827704,252.61013687102894,uncertainty_sampling
7840,0.4435089560179044,0.6496174793382996,0.6193464257175351,0.14270713764311796,386.6,921.2,0.45703611457036114,0.6464188576609248,0.622816212438854,0.14355,390.0,872.0,0.041506545657779836,0.029514705242320582,0.017421404009887842,0.0051956692516625215,32.42472377468168,211.2263465847132,uncertainty_sampling
8040,0.44248529829701644,0.655783140841184,0.6244542729858809,0.14141714364281788,379.8,929.4,0.4486322188449848,0.6645512239347234,0.6353591160220995,0.14255,370.0,907.0,0.03808185836421011,0.02739985461223019,0.016944957192831216,0.004663974794282165,30.117301536689006,184.147746640008,uncertainty_sampling
8240,0.4403006513031029,0.6601291602612107,0.6261762193641993,0.14196708364581764,375.0,964.4,0.4421182266009852,0.6745240253853128,0.6353019133603909,0.14155,359.0,906.0,0.057025819920880995,0.04000672164293603,0.02446186720726812,0.006112400375699506,44.02225782116896,264.43517009594905,uncertainty_sampling
8440,0.4472236543261127,0.6541471218153395,0.6229328059156902,0.1417170931453428,381.6,926.4,0.4528423772609819,0.6654578422484134,0.6309623430962343,0.1411,369.0,847.0,0.055687936317606275,0.03784125211559008,0.02301783937064628,0.005376506478157638,41.62134504838067,245.3710918736615,uncertainty_sampling
8640,0.4564267190546917,0.6532408319865455,0.6246684911619851,0.1396771706414679,382.6,880.6,0.46919431279620855,0.6518585675430644,0.6292115165835303,0.1387,384.0,784.0,0.044777475821597454,0.03416270776815286,0.02070802650124527,0.003399243569092152,37.553927036961596,199.72350117869675,uncertainty_sampling
8840,0.452590619261177,0.6550543970988215,0.62514611116065,0.14019715214239287,380.6,901.0,0.4478178368121442,0.6527651858567544,0.6252141144227475,0.1407929603519824,383.0,873.0,0.04954819586214467,0.03546100186839357,0.020397803714263727,0.0030178794268378916,39.003921371484445,219.43979477162242,uncertainty_sampling
9040,0.4610403851596883,0.6501624357812026,0.6237067456894929,0.13901720613969298,386.0,850.4,0.46229508196721314,0.642792384406165,0.6210436270316508,0.1392,394.0,820.0,0.03402383139375865,0.027449231596579558,0.01861337357698826,0.004294054579473145,30.151342395917666,143.90312833579253,uncertainty_sampling
9240,0.46229564035466786,0.6496201072174703,0.6236144137746087,0.13882720563971798,386.6,843.6,0.45758354755784064,0.6455122393472348,0.6183258697898725,0.13875,391.0,844.0,0.03133152142028334,0.024897742794108328,0.016318815433480016,0.0033712534217526413,27.34501782775062,132.32787562213286,uncertainty_sampling
9440,0.45174868528724205,0.6583170733309681,0.6284005464255588,0.13909723863806805,377.0,897.0,0.4438040345821326,0.6645512239347234,0.631026170798898,0.1403,370.0,956.0,0.03689095057064281,0.03296490521567799,0.022199155837726654,0.004695694794691569,36.233163059042454,170.8591294173746,uncertainty_sampling
9640,0.4467441529005029,0.6653859040561316,0.6330834605023722,0.1386872276386181,369.2,927.8,0.44045584045584046,0.6618313689936537,0.6284435261707988,0.13995,373.0,959.0,0.04064781350495698,0.030218819940317804,0.018745749002615837,0.004919487783512535,33.190360046254405,192.77677690605188,uncertainty_sampling
9840,0.4650790119648727,0.6570540489048314,0.6304894552784066,0.13671728113594322,378.4,842.4,0.47283702213279677,0.6609247506799637,0.6293706293706294,0.1388,374.0,826.0,0.03292023458715097,0.016644198916557655,0.011334510105859827,0.00439982724742364,18.215988093491454,123.66370167155401,uncertainty_sampling
10040,0.4474519302865353,0.6695630822394787,0.6376998529791518,0.13694727213639318,364.6,916.0,0.4517857142857143,0.6699909338168631,0.6353827710224353,0.13865,364.0,921.0,0.023417733008381392,0.01276754091631746,0.01127699466982618,0.004944863428631524,13.957077057894315,88.58329413608415,uncertainty_sampling
