num_items_queried,precision_mean,recall_mean,f_beta_mean,loss_mean,precision_median,recall_median,f_beta_median,loss_median,precision_std,recall_std,f_beta_std,loss_std,sampling_strategy
70,0.09783630735465465,0.3527946127946112,0.2719115585539773,0.15819093725807362,0.10134704288219354,0.3398989898989899,0.2781480222146662,0.15481895426604542,0.03419854165308999,0.17597662167058745,0.11715549160796994,0.022873970325034125,uncertainty_sampling
120,0.22295312251948446,0.21693602693602618,0.21011933532348193,0.1431285702984456,0.2554347826086957,0.22727272727272727,0.206353931371004,0.13508791382967944,0.11677576264170551,0.10522585401738023,0.10482276376557273,0.025424303501826066,uncertainty_sampling
170,0.2555382835955182,0.25562289562289814,0.23653811117113696,0.14885544064963302,0.2324963785610816,0.265993265993266,0.2666828592504633,0.12650835867739602,0.14455654795393588,0.12345020677330489,0.11848585376542442,0.05779508858115921,uncertainty_sampling
220,0.3768583605289206,0.15511784511784438,0.15957189372098102,0.1382723467158487,0.45480631276901007,0.15454545454545454,0.16552325818163593,0.1411747601046816,0.3171376098022442,0.1400726717947884,0.14310781467778985,0.019489021486991245,uncertainty_sampling
270,0.42594053077962085,0.182525252525251,0.1878215298982754,0.13449157770944734,0.43860386879730867,0.18181818181818182,0.19214239041404763,0.13606599572617784,0.23560797317286752,0.12640572925588697,0.12627580726924084,0.01669180274062606,uncertainty_sampling
320,0.5249577431951981,0.2708417508417495,0.2781334915702165,0.12082269952525627,0.4875,0.2818181818181818,0.2886038203347835,0.12082000581564409,0.15337237120628341,0.13171969252608515,0.13020840084671367,0.01862575498437909,uncertainty_sampling
370,0.5615355975669045,0.2561279461279454,0.26392740185857394,0.1226551856810809,0.5086206896551724,0.2636363636363636,0.27805042691381454,0.12038383250945042,0.1422714405798102,0.12306705740955305,0.1213511050382011,0.016560234290072848,uncertainty_sampling
420,0.512191968761771,0.38565656565656276,0.38471617672959807,0.10663205433675686,0.5057926829268293,0.38181818181818183,0.39439290507030755,0.10511790251227729,0.213535237611991,0.1313605831453828,0.12477311150585192,0.01950982370116604,uncertainty_sampling
470,0.4146645567943498,0.3965656565656544,0.389552975347603,0.10814381746176441,0.3686594202898551,0.38181818181818183,0.37377539912917274,0.10644189151540157,0.1659184395497358,0.11650573797788565,0.11165952817133042,0.019470338098183895,uncertainty_sampling
520,0.5234709295145418,0.3893939393939419,0.3915685006817599,0.1041605152591661,0.5166666666666666,0.40909090909090906,0.4090552686938229,0.10046525152660657,0.128262845151289,0.13726258421550408,0.13075490708761672,0.019096068673905345,uncertainty_sampling
570,0.6059997416901836,0.3765656565656585,0.3855834843611132,0.10375405421013852,0.6022067363530779,0.3855218855218855,0.39714902552272796,0.10193366782590485,0.12230450933808386,0.12881652458297846,0.12655284337057007,0.01884578575962757,uncertainty_sampling
620,0.5681275662791673,0.43141414141414136,0.4377587509346318,0.09619322625674182,0.5699614890885751,0.422053872053872,0.4328641094992214,0.09757163873787329,0.09765636887069465,0.10441499611017428,0.09840431364879268,0.015024885151804803,uncertainty_sampling
670,0.4821312950777837,0.44053872053872456,0.438915060948327,0.09735649041422484,0.46862745098039216,0.422053872053872,0.4281480505795574,0.09914215023296388,0.1055860363528369,0.12576793062592026,0.11481610224435868,0.017602853279111305,uncertainty_sampling
720,0.4531285705785603,0.46986531986531554,0.4506558800087055,0.1009066465167513,0.47731264637002346,0.4861952861952862,0.43808299861705713,0.09843041857759378,0.18961744027706828,0.08894422535154367,0.08808606954787782,0.020778734247472,uncertainty_sampling
770,0.46500027522194964,0.46602693602693895,0.45714349872941545,0.09724214789111242,0.5373641304347826,0.4818181818181818,0.47463639486944575,0.09143781656376584,0.1762648170360962,0.1227820022668095,0.12220557019282388,0.02367599949152499,uncertainty_sampling
820,0.45838834107129084,0.5026936026936019,0.48680794947572253,0.09482632124913855,0.5255102040816326,0.4818181818181818,0.4894672427018003,0.08838502606896272,0.16875961848597484,0.06007830619103663,0.07875190327759485,0.02411020251466239,uncertainty_sampling
870,0.47810604868563045,0.5247474747474733,0.5086735410406674,0.09113312481628953,0.5555555555555556,0.5277777777777778,0.5284707528496349,0.08141995413774909,0.17134598122344247,0.08135412482261992,0.09784070874087637,0.02790442492170711,uncertainty_sampling
920,0.5665614355359269,0.5355555555555531,0.5364983221654673,0.08066536289004995,0.5811965811965811,0.5323232323232323,0.5373988587002811,0.08097122101476227,0.07811971823599172,0.08127790944234373,0.07475582767392183,0.012183772851052687,uncertainty_sampling
970,0.56857717595615,0.546498316498315,0.5472468937829594,0.07894980699747656,0.5949453551912569,0.5363636363636364,0.5413044063779358,0.08126166510004937,0.07772143264248364,0.07210487757599013,0.06823553792993964,0.011410510494382329,uncertainty_sampling
1020,0.5299924116598245,0.5300336700336673,0.5269699101885235,0.08328214923642736,0.5351473922902494,0.523063973063973,0.5102054703066905,0.08696916812100058,0.13031719837293798,0.04518172205005458,0.04450162128375393,0.008315382857759854,uncertainty_sampling
1070,0.5576934467242556,0.5301346801346802,0.5319225226087749,0.08165397163184109,0.5735645933014355,0.5454545454545454,0.5481742700805456,0.0790928507650473,0.09067865364320729,0.05552388985200513,0.05652350947898235,0.01006003579146975,uncertainty_sampling
1120,0.5433560125788988,0.5335353535353502,0.5337661285407838,0.08136388294014137,0.5333817126269956,0.5185185185185185,0.5172215422966945,0.08362420011634672,0.05833489717613947,0.0660486103399263,0.06261785521250877,0.010065727085390892,uncertainty_sampling
1170,0.560243642241612,0.5190572390572409,0.5212879551143156,0.0832533923174274,0.5396613190730838,0.4954545454545455,0.4991723537919191,0.08681121705462155,0.07937725979793836,0.057531416060734315,0.05339032444647168,0.008690485894028793,uncertainty_sampling
1220,0.591332496691274,0.5137373737373685,0.5179095511341737,0.08336967118066467,0.5853109656301145,0.5228956228956229,0.5286536536536537,0.08259415617423319,0.08381938966724449,0.07076769980382785,0.06530054311347396,0.010084125775285844,uncertainty_sampling
1270,0.5309752346260141,0.5463636363636317,0.5375372099419962,0.0820615740139019,0.5573283858998144,0.5454545454545454,0.5435297628197593,0.080994515735986,0.12020439147420645,0.06581560737864196,0.051625781311762535,0.009454271094214487,uncertainty_sampling
1320,0.5551550546612947,0.5573737373737376,0.5562258120368317,0.07758346886509475,0.5440270935960592,0.5595959595959596,0.554514010316489,0.07837730674105547,0.06603117834359173,0.0792383579605747,0.0741977251611628,0.012293083654847228,uncertainty_sampling
1370,0.56664378492708,0.5572727272727289,0.5570348155376728,0.07732202702182803,0.5677350427350427,0.5272727272727272,0.5343758417886324,0.08083745274789184,0.06801411477169769,0.07338372581955349,0.06829280495553593,0.011176764597437562,uncertainty_sampling
1420,0.5590811388897126,0.5628282828282801,0.5614023459308255,0.07679787500608341,0.5548022598870057,0.5412457912457913,0.5421829825177659,0.08042466550319953,0.0741379366931686,0.06447898020764452,0.06037754158286991,0.010098450651032391,uncertainty_sampling
1470,0.5417739050312942,0.5481818181818165,0.5462962435253954,0.07944412848822088,0.5351255886970172,0.5181818181818181,0.5147648835202762,0.08461762855635374,0.0724477979619802,0.06798002484851037,0.061784632042263934,0.010068353628752108,uncertainty_sampling
1520,0.5491841686385666,0.5371380471380478,0.536861876711052,0.08075307123237939,0.5393076090876308,0.4909090909090909,0.49631854048349,0.08637500145898575,0.06061428874752807,0.07979936431758151,0.07260344417574256,0.011620283196545017,uncertainty_sampling
1570,0.5365934174569107,0.5536363636363644,0.5508199701262451,0.07871764637378076,0.5250706214689265,0.531986531986532,0.5328407224958949,0.08127367520326853,0.05594121722161528,0.07480837349747929,0.06796591876295763,0.010893635495223906,uncertainty_sampling
1620,0.5357702041111705,0.555454545454547,0.5530490940447927,0.07833965486732661,0.5288568257491676,0.5363636363636364,0.531929046563193,0.08287293518405779,0.04274573047602418,0.07114465159778491,0.06636267144104874,0.010845732737568909,uncertainty_sampling
1670,0.5369087591588945,0.5518518518518494,0.5495352255915201,0.07892112622405971,0.546938775510204,0.5228956228956229,0.5156473262610954,0.08406050029086679,0.05222810068832893,0.07623866141929396,0.07071816841394812,0.011662240751744088,uncertainty_sampling
1720,0.5610794234590425,0.5646127946127915,0.5636013454527148,0.0763332659937891,0.5411605937921727,0.5545454545454545,0.5508719989646023,0.07951747905353773,0.04934417928967441,0.05742372346220555,0.05303539882171591,0.008442761866356651,uncertainty_sampling
1770,0.5703017285161015,0.5555218855218846,0.5560442581794838,0.0774672320208432,0.5759803921568627,0.5272727272727272,0.5325601942045224,0.0811400759958191,0.05828086320209361,0.055975124273540976,0.051771590511676624,0.008379118338017725,uncertainty_sampling
1820,0.5611481277828129,0.5682491582491572,0.5667439732355701,0.07583880095989387,0.5542328042328042,0.5545454545454545,0.5509194348576358,0.07880232219922345,0.05361254155081494,0.05784606008786811,0.05281649741305503,0.00839942232383071,uncertainty_sampling
1870,0.5688015235953857,0.5645791245791233,0.564415822836066,0.07610068250517618,0.5634920634920635,0.5636363636363636,0.5626524921575461,0.0770464642912691,0.04547927902346859,0.0516870857128693,0.048116434807482615,0.007562767484669827,uncertainty_sampling
1920,0.5759693346614945,0.5645454545454531,0.5648244682643249,0.07595545205873476,0.5767857142857142,0.5636363636363636,0.5613202945910354,0.07748225721376549,0.05833124188037681,0.055727635530028755,0.05200275705412633,0.008216356233048559,uncertainty_sampling
1970,0.5656939570897688,0.5627272727272699,0.5623829926312021,0.07650795521153136,0.5454545454545454,0.5454545454545454,0.5481863712247685,0.07937191889205218,0.06967491201390777,0.06002327010831833,0.057979347124010254,0.009552863846491528,uncertainty_sampling
2020,0.5646352262096002,0.5626936026936022,0.562286013870473,0.07647871640433763,0.5702529104777199,0.5545454545454545,0.5517721344338666,0.07922661231969813,0.05818853418963517,0.06710602765043758,0.06382100892637539,0.01040458182428299,uncertainty_sampling
2070,0.570020251710179,0.5589562289562271,0.5585381403284759,0.0770315323908233,0.5580357142857143,0.5636363636363636,0.5585889076712549,0.07792963070660075,0.07311993299188538,0.07443962999022788,0.0692365397278274,0.010925451477802934,uncertainty_sampling
2120,0.5652114125937651,0.5682154882154852,0.5667849268023419,0.07583897854112943,0.5567857142857143,0.5636363636363636,0.5613202945910354,0.07748225721376549,0.07376977337024844,0.057598076939079805,0.053702317826658824,0.008564518155974525,uncertainty_sampling
2170,0.5706900879032882,0.575521885521884,0.5738237356310525,0.0746177270514152,0.5494469746258945,0.5727272727272728,0.5689818809318378,0.07631950878094633,0.07442239412359568,0.059117461345484054,0.054499651353773486,0.008634808884991612,uncertainty_sampling
2220,0.5628807978334993,0.5664646464646402,0.5652322060570718,0.07612931264436291,0.5480093676814988,0.5454545454545454,0.54546795768491,0.0798314292089117,0.07435882776546797,0.05735209368570798,0.05432394928298775,0.008999894591655492,uncertainty_sampling
2270,0.5619887309688972,0.5700673400673355,0.5685698925410589,0.07557702937699604,0.5481036077705828,0.5545454545454545,0.5504323154449136,0.0795406470047826,0.07160435463245536,0.06182771255896411,0.05935428442087529,0.009886326246291786,uncertainty_sampling
2320,0.5620208561349394,0.5719865319865272,0.5701967161805266,0.07534432740910169,0.5643939393939394,0.5505050505050505,0.5459060806742926,0.0798313023405853,0.0677884246507967,0.0509832232062608,0.047900256798128094,0.007898560231295483,uncertainty_sampling
2370,0.5649241584434366,0.5811111111111071,0.5785277317925793,0.07394857278010825,0.5443349753694582,0.5597643097643097,0.5582000913659206,0.07721383960900197,0.0705609941729484,0.05565040079449333,0.051704204839656015,0.008431547797791695,uncertainty_sampling
2420,0.5646178960595294,0.5810774410774397,0.5786334325945703,0.07391943542331965,0.5599613152804642,0.577946127946128,0.5675648113359455,0.07663210604297521,0.07057874487176226,0.061626349528423205,0.05855661476608789,0.00972675848285563,uncertainty_sampling
2470,0.5616350776880399,0.5774074074074073,0.5753145492476123,0.07447206538543337,0.5627442466348241,0.5688552188552188,0.5591423238035979,0.07692293053654645,0.06668088913505195,0.06389008443569634,0.061712265730353114,0.01031961948392898,uncertainty_sampling
2520,0.5803628608546695,0.577373737373736,0.5770448468984465,0.07394898713304571,0.5934782608695652,0.5505050505050505,0.5509181969949917,0.07820904366466726,0.07250470117415181,0.06515159497430502,0.06367697175557013,0.01065327892126712,uncertainty_sampling
2570,0.570333876862523,0.5737373737373722,0.5729214270941755,0.07473396383665794,0.5658327847267939,0.5505050505050505,0.5428160204313526,0.08026739106789468,0.07173480503462855,0.06731399335304794,0.0658309059863933,0.011051201070183442,uncertainty_sampling
2620,0.5788454965159792,0.5846127946127946,0.5833858912922251,0.07290214586385499,0.5642688679245282,0.5727272727272728,0.5708458554251539,0.07574876417563245,0.06844927821238361,0.06549933990167177,0.06274049251887563,0.010233862453491591,uncertainty_sampling
2670,0.573417530698741,0.579191919191918,0.5778833997980659,0.07391974826684379,0.5584415584415584,0.5545454545454545,0.5583219125932694,0.07719105236108387,0.07358493367064768,0.05908543194257143,0.05692430468710333,0.009394936358700591,uncertainty_sampling
2720,0.5834161528097219,0.5792592592592587,0.5789394147167659,0.0736289236995121,0.5824528301886792,0.5545454545454545,0.5530918852067348,0.07749384444715018,0.07075318704127509,0.05556648500915206,0.05373441092590188,0.008938687247495625,uncertainty_sampling
2770,0.5643993013797187,0.5847474747474741,0.5824278572262559,0.07327993433673086,0.5585071707953064,0.5454545454545454,0.5477815981750256,0.07837734903049762,0.06292030526822723,0.059012300614920556,0.05746979383097967,0.009727336974610224,uncertainty_sampling
2820,0.5709551376001663,0.5829292929292937,0.5814260992685681,0.0733673380328036,0.5781355932203389,0.5727272727272728,0.5750676334624476,0.07442946671896239,0.07072264461369528,0.06522077387008074,0.06407881408845084,0.011009127977932227,uncertainty_sampling
2870,0.5763237505800184,0.5810437710437714,0.580158636014012,0.07348374399056676,0.5739222829386763,0.5636363636363636,0.5678794080779171,0.07544686631457224,0.07025397500377496,0.06701561101348102,0.06544586237202102,0.011091485611460204,uncertainty_sampling
2920,0.5849590958145311,0.5846801346801334,0.5843249671881687,0.07266963833888122,0.5801304049416609,0.5727272727272728,0.5774686033817512,0.07370268026806062,0.07027352789684715,0.07357952777677003,0.07177358340525675,0.012169086379452356,uncertainty_sampling
2970,0.5779552382660749,0.5901683501683503,0.5886252259373541,0.07205916472537476,0.5767184942716858,0.5636363636363636,0.5636918049449574,0.07676650189008433,0.07171893713362097,0.0762647930782355,0.07427167279216292,0.012643073095444872,uncertainty_sampling
3020,0.5726259509171551,0.5902020202020197,0.5880925690111649,0.07220435290204294,0.569047619047619,0.5727272727272728,0.5736416470201217,0.07487641756324512,0.06144550838943287,0.0715552450063366,0.06858925520852763,0.011583758541355054,uncertainty_sampling
3070,0.5754594539026308,0.5865656565656565,0.5851191181982593,0.07264023879246866,0.5658620689655172,0.5727272727272728,0.5736394264112876,0.07487641756324512,0.056259366100588896,0.0709681096981326,0.06772543708631705,0.01141918424219448,uncertainty_sampling
3120,0.5641429787673442,0.5865319865319858,0.5841189215714183,0.0729603275308244,0.5526477832512315,0.5636363636363636,0.5650469789075413,0.07631912839724907,0.060577629806086886,0.07261244135353531,0.0703369725578866,0.01196463986563404,uncertainty_sampling
3170,0.5705849287629576,0.592020202020201,0.5898388645661605,0.07194251370029413,0.5558620689655173,0.5818181818181818,0.5789473684210525,0.07442942445410713,0.05607139605613076,0.06627341078362395,0.064625439478229,0.010948689056681532,uncertainty_sampling
3220,0.5671805013936496,0.5883838383838388,0.5862114703170712,0.0725530379726185,0.5657142857142857,0.5909090909090908,0.5874830527242578,0.0729755979631721,0.05060108390354091,0.06967054252170807,0.0672272756188877,0.011326954703398702,uncertainty_sampling
3270,0.568447298117627,0.5902020202020198,0.5879679290989113,0.07226219660260955,0.5634920634920635,0.5727272727272728,0.5736754966887417,0.07486530190631403,0.04642766433403337,0.06269172865842332,0.06035552222157154,0.010100199913256532,uncertainty_sampling
3320,0.5752217244405798,0.5920202020202023,0.5902498830772867,0.07179697886821745,0.5703936577364681,0.5909090909090908,0.5894736842105264,0.07239394902520338,0.04555137176648594,0.06322753609744439,0.060783599509906,0.010131439265159298,uncertainty_sampling
3370,0.5683416146493933,0.5975420875420885,0.5944838879381967,0.07121516078231498,0.561236802413273,0.5818181818181818,0.577943630907282,0.07401510849525537,0.042937888555021536,0.05734352993627463,0.05446223389992203,0.009064552334273107,uncertainty_sampling
3420,0.5743106239016621,0.593872053872054,0.5918126153520493,0.07156422627100946,0.5773809523809523,0.5727272727272728,0.5712774923198216,0.0754690195159009,0.04960114462008878,0.06500012017782085,0.06252690879519762,0.010534743338354463,uncertainty_sampling
3470,0.5760562122285536,0.5938720538720534,0.5918908754590985,0.07153523257538967,0.5681352459016393,0.5818181818181818,0.5799263366745107,0.07414946205292236,0.051667003671330744,0.06450639835744423,0.061760849663802325,0.01037453438672617,uncertainty_sampling
3520,0.5763853148792925,0.5938383838383836,0.5918749598294307,0.07153535097107551,0.5847430058555627,0.5818181818181818,0.5808723214796297,0.07385867984879325,0.05587534861137311,0.06586871480036736,0.0633269973464359,0.010627374927589263,uncertainty_sampling
3570,0.5739012278824138,0.5993602693602699,0.5967517724730698,0.07077913119138128,0.5794898672257163,0.5818181818181818,0.5818324881972372,0.07298642396201144,0.05427039701079616,0.0639058048992501,0.06202026174244645,0.010501981777606462,uncertainty_sampling
3620,0.5879302220703215,0.6012457912457916,0.5998132132323069,0.07011012912764478,0.5943732193732194,0.5818181818181818,0.5847176079734219,0.072684984818464,0.05085525748196056,0.06097982767410176,0.059071934698227614,0.010017444821437137,uncertainty_sampling
3670,0.5968237534686256,0.6085521885521892,0.6072243857099885,0.06880171905343099,0.5876010781671159,0.5962962962962963,0.5987926249954405,0.06965252964447605,0.05656322030464285,0.06073873916038998,0.05909440346364459,0.010026987926978212,uncertainty_sampling
3720,0.5882482555742096,0.6067340067340073,0.604733516932208,0.06932514394155767,0.5870956873315364,0.6,0.6039950166112957,0.06919614781203297,0.06281873880649708,0.06346978347258875,0.062001085279479916,0.010618435180746214,uncertainty_sampling
3770,0.5898259823853739,0.6067340067340069,0.6049721409057466,0.06926700440667394,0.5870956873315364,0.6055555555555556,0.6055252262179038,0.06877984471655163,0.06143787306436363,0.06247955526795963,0.06140605337169117,0.01055562495247323,uncertainty_sampling
3820,0.5915522513053364,0.6122558922558924,0.6100962422926108,0.06839447171582388,0.5863095238095238,0.6055555555555556,0.6055252262179038,0.06877984471655163,0.04759985577186968,0.05690262118772176,0.05477392831604523,0.00932601221068281,uncertainty_sampling
3870,0.5954395970558188,0.6140740740740741,0.6120879101622345,0.06801643793959655,0.585551948051948,0.6055555555555556,0.6060252179535776,0.06863445361448708,0.044376564882453326,0.055098868803315555,0.05263517605441626,0.008879518750262012,uncertainty_sampling
3920,0.5962199100903154,0.6085521885521885,0.6071725436467836,0.06880173595937315,0.5916666666666667,0.5964646464646465,0.598375350140056,0.06979754014156136,0.04819780234956974,0.05971660486514404,0.05735939822645441,0.009645596850922384,uncertainty_sampling
3970,0.595700612898494,0.6103703703703701,0.6086920908167697,0.0685691101911525,0.5867486338797814,0.5962962962962963,0.5987926249954405,0.06965252964447605,0.05183967869209696,0.05903749201825697,0.056534310169411794,0.009505517211738571,uncertainty_sampling
4020,0.5989265154659524,0.6121885521885522,0.610539578712811,0.0682201292616728,0.591378263509411,0.5962962962962963,0.5992959527824622,0.06950713854241149,0.04784885863517597,0.059357339844388984,0.055831149422254464,0.009242163218926349,uncertainty_sampling
70,0.09416849652565996,0.3604040404040416,0.26636577498733827,0.16042821002721375,0.10113158545634429,0.32407407407407407,0.25146483807499775,0.15859865800631606,0.028606601217424973,0.21573523681369125,0.14118168507709297,0.023905273045275635,random_sampling
120,0.3088478428380654,0.2082154882154877,0.19016822338282324,0.1423127991705114,0.18296801325347267,0.20909090909090908,0.18400020233699224,0.14773892731307603,0.3552000242209049,0.17809499795932143,0.1592978322990549,0.01842733568524648,random_sampling
170,0.24641393847314125,0.24636363636363282,0.21407263775977234,0.14295250328576153,0.1736111111111111,0.3090909090909091,0.2719077732449886,0.1467017905218015,0.2641278036913909,0.19309212590514552,0.16238148057571597,0.017442981715339197,random_sampling
220,0.2654730840968472,0.23535353535353573,0.21709096400591466,0.13800876584801383,0.1856060606060606,0.2037037037037037,0.21727134421495065,0.13330432555434585,0.20221347686013988,0.1713183541146782,0.14126064467858232,0.015208761652035468,random_sampling
270,0.2594278151191759,0.24986531986531776,0.23167102792092206,0.13550854615436028,0.20815677966101695,0.24747474747474746,0.24861132344697548,0.13596042959983531,0.18673981700092446,0.16719717867398,0.14136241045073278,0.014988275228251621,random_sampling
320,0.23679478680458552,0.26269360269360115,0.2452613469192377,0.1335308551962172,0.22479204706837086,0.27474747474747474,0.27270161067138987,0.12870855148342059,0.15000213643598873,0.16178835346986595,0.1373367665350244,0.015920406010314817,random_sampling
370,0.21796029557507102,0.2681481481481465,0.2489638721305268,0.13370524845670823,0.21594538486106674,0.2749158249158249,0.2733852267130073,0.1269265696659767,0.11166289064948262,0.1686917915430166,0.14414607845716698,0.01765144750035047,random_sampling
420,0.23060829331468832,0.3014478114478107,0.27378492650905234,0.1313486863127068,0.21866531165311653,0.3026936026936027,0.29328790426462925,0.13112438885019306,0.13906462557598678,0.19021811656593843,0.15588045807543097,0.020385337971983754,random_sampling
470,0.2212570014880127,0.3288215488215465,0.2958244642607723,0.1292845384109166,0.21852340145023072,0.3090909090909091,0.30756474956603713,0.12996117550396613,0.10158253934788654,0.18485998522660332,0.14738378786472892,0.01935442206792943,random_sampling
520,0.21899260120557112,0.3652861952861957,0.33311888325182887,0.12341081384623133,0.22415458937198068,0.3855218855218855,0.3674446484284869,0.1269079623606105,0.08690605963405112,0.16079565513993674,0.13402580064251937,0.018017859420364248,random_sampling
570,0.21551280799483363,0.35797979797979806,0.32495166848012796,0.12512614989763085,0.2140677025527192,0.3488215488215488,0.34301903084031204,0.12808956091887175,0.08629233117779753,0.16634552199941333,0.13316802607998085,0.018027488752675895,random_sampling
620,0.21937835468487854,0.394545454545454,0.35531392378200516,0.12093971448049036,0.22140522875816993,0.41818181818181815,0.399577923373023,0.12036713789162615,0.08640583977203056,0.16521027785025238,0.1330796164611956,0.018341656818039107,random_sampling
670,0.22718641267428802,0.41276094276094116,0.3725846743391266,0.1183228689780681,0.22474747474747475,0.4402356902356902,0.4146954866775422,0.11744186046511629,0.08990856724960157,0.15221292126498512,0.1273678461866565,0.018356581478625,random_sampling
720,0.22131596100840578,0.4055218855218857,0.370808488994312,0.11739208697681065,0.215007215007215,0.4222222222222222,0.3893739893739894,0.12223837209302325,0.06963679941517177,0.14768237968993309,0.12816034690573266,0.017420010898360865,random_sampling
770,0.22850896589976435,0.40730639730639717,0.3732149965642002,0.11686846768510084,0.2197735849056604,0.4222222222222222,0.39628065555070957,0.11863913928467579,0.08442076760153486,0.15132875693382128,0.13319850109519174,0.01906016774605121,random_sampling
820,0.21969279412868528,0.41821548821548976,0.3806447789964098,0.11550212100140074,0.23570354878766092,0.4494949494949495,0.4214274842357035,0.11397047884390406,0.056979632715912824,0.15875945070735364,0.13518591555897108,0.01765017552997649,random_sampling
870,0.21607590060361087,0.4219528619528587,0.3818930763374148,0.11576378262683056,0.22490358126721763,0.47693602693602694,0.4409829365954008,0.111062994921455,0.0443761561763289,0.16300475740943132,0.13642290935477455,0.01805432813869668,random_sampling
920,0.22081169124083277,0.43292929292929005,0.390123466630748,0.11422240020274908,0.2301172707889126,0.4498316498316498,0.42169879816708966,0.11338857631680382,0.05225696770102259,0.17947434288697595,0.14743260054992408,0.020374345919886776,random_sampling
970,0.21939868141466887,0.4384175084175069,0.39261825086844365,0.11445505135938676,0.22073677956030896,0.44057239057239056,0.41776776639287977,0.11469684264625331,0.048661808540901755,0.17528129334177697,0.14054137632544228,0.018997389664253003,random_sampling
1020,0.21699811510571712,0.4439730639730626,0.39534980675695713,0.11436758833516024,0.22622450924337717,0.44057239057239056,0.4166894477856753,0.11615075366689884,0.04878076480976091,0.18252251144332787,0.14553883656783764,0.020137201200969738,random_sampling
1070,0.21348329014795003,0.4367003367003333,0.388753374672512,0.11553072559481307,0.22291235334713594,0.44966329966329965,0.42583617543229824,0.11440656762038721,0.05295286752685964,0.18053128075673136,0.14557425083768508,0.01950313208233165,random_sampling
1120,0.20848171332356127,0.44589225589225523,0.39507481503459246,0.11483290751012197,0.2152777777777778,0.4818181818181818,0.42740636850033764,0.11309804770180623,0.041287388899294265,0.17878378511024487,0.14445882353641867,0.018671384182896694,random_sampling
1170,0.2068097274029939,0.4568013468013433,0.4024041059098645,0.11407703445467911,0.20975406151672768,0.49562289562289563,0.4276969586625398,0.11367944305064344,0.04548573558842221,0.17921508423651628,0.1424599982755829,0.018216718813219165,random_sampling
1220,0.2039437069578641,0.4605387205387166,0.4035366096384942,0.11451302168732813,0.20919540229885059,0.49090909090909085,0.41254948568367666,0.11644187398986997,0.04853879481903102,0.1813217280766467,0.1445226005280318,0.01912604033888144,random_sampling
1270,0.20334753170552203,0.46060606060605613,0.4036892176214286,0.11480352487948638,0.21067221067221067,0.49090909090909085,0.41264507302443687,0.11876775123920555,0.03850603817470076,0.175262030436764,0.13800235903885003,0.018533291088748773,random_sampling
1320,0.20668611341031726,0.4678787878787853,0.4102024303014565,0.11332050180687384,0.21067221067221067,0.5234006734006734,0.4436454654817804,0.1126613249524943,0.0371244339758293,0.17860906280409103,0.14022754616697705,0.018468777140503167,random_sampling
1370,0.20717369243713096,0.4715488215488173,0.4132944070929975,0.11317511915286285,0.21071446427678614,0.5141414141414141,0.443932769843583,0.11295202262691291,0.028729380614624295,0.16793934932386392,0.1288068773339012,0.016758997870696252,random_sampling
1420,0.20889061495175076,0.4771043771043743,0.41823762820686466,0.11218624821161356,0.21071446427678614,0.5272727272727272,0.44694228858657703,0.11164350270833193,0.02914220232598763,0.17151701920110196,0.13265413401991444,0.017681436310671213,random_sampling
1470,0.21568542587002648,0.4898989898989869,0.42846082388544293,0.11061600733453053,0.20928404599353218,0.5363636363636364,0.45296616864762373,0.11120745619670402,0.033424510435047926,0.16621755832240803,0.12490321513230755,0.01648184714516915,random_sampling
1520,0.21778426040566223,0.48622895622895046,0.42698778678228755,0.11055788472525904,0.20928404599353218,0.5272727272727272,0.4510482594936709,0.11033510958431669,0.03342065941094222,0.1640078796390799,0.12374944619762196,0.016373283953329376,random_sampling
1570,0.21580654045536143,0.4807070707070649,0.42199179335757486,0.11122686983879733,0.20934500282326368,0.5272727272727272,0.4519332627118644,0.10946301656106089,0.0322700218726877,0.1691138760700593,0.12922295367551193,0.016581665899540538,random_sampling
1620,0.21756317034982578,0.480707070707065,0.4226854176575136,0.11096511510775052,0.2113446587964296,0.5272727272727272,0.4529697284750599,0.10902684325486722,0.03425088845193459,0.16911733439617224,0.12974759377163209,0.016841396512622522,random_sampling
1670,0.21806301445082443,0.4843434343434338,0.42682226077915686,0.11035436255111701,0.20830288637194008,0.5272727272727272,0.4526738952413337,0.10960823860370443,0.028468178378240273,0.16110060602925694,0.12371442656598632,0.01633137906459154,random_sampling
1720,0.22045729545956488,0.4824915824915805,0.42621268430642484,0.1102671278898784,0.20977174653645242,0.5232323232323233,0.4537192704523503,0.10917206529751078,0.032529029677622855,0.16016380312432274,0.12321202437882448,0.016364176094567504,random_sampling
1770,0.2201157168662099,0.48070707070707047,0.424609545295886,0.11061594814406481,0.2101018675721562,0.5272727272727272,0.456435513081037,0.10829997227425495,0.03458583318314858,0.15967810292750326,0.12373080777971268,0.016526215825726456,random_sampling
1820,0.21929964105013444,0.4807070707070705,0.42419317710104354,0.11079041746654203,0.2101018675721562,0.5272727272727272,0.4543536721068249,0.10917231888664228,0.03492386438127429,0.1596819684298321,0.12352434203078465,0.016462781904392532,random_sampling
1870,0.2164782348274519,0.4751178451178449,0.4195625986793756,0.11143052730473273,0.208982683982684,0.5048821548821549,0.45562033582089556,0.10859092353780507,0.03983065275004552,0.164899455924334,0.12960712040025552,0.017328922099615125,random_sampling
1920,0.21897610192385863,0.47511784511784494,0.4207611976604523,0.11093619755771332,0.2214720194647202,0.5048821548821549,0.4616133307262813,0.10611927480270766,0.039583332605476765,0.16490382383257726,0.13025968596121218,0.0175594794930209,random_sampling
1970,0.2178361218696838,0.4733333333333351,0.4188480333865521,0.11131423136344477,0.2179773958088062,0.513973063973064,0.45588847639042906,0.10684606125360942,0.03817776085035462,0.16318411240615818,0.12740417055179248,0.016598972534074826,random_sampling
2020,0.21759644434489925,0.4715151515151532,0.417457548440564,0.11154685712674806,0.21677900818488205,0.513973063973064,0.45339424228226355,0.1078637989680613,0.038132509692974166,0.16226907286144115,0.12662591729762354,0.01646323526686416,random_sampling
2070,0.2170331620272199,0.47336700336700305,0.41876380556529536,0.11131401154685883,0.20985772357723578,0.5321548821548822,0.46682920171716424,0.10771845013085199,0.035966059703990805,0.16536467923750228,0.12857686656417852,0.016926136145453085,random_sampling
2120,0.21703316202721973,0.473367003367003,0.4187638055652956,0.11131401154685883,0.20985772357723578,0.5321548821548822,0.46682920171716424,0.10771845013085199,0.03596721540713542,0.16536999292716928,0.12858099814518126,0.01692668003569102,random_sampling
2170,0.22051056748734965,0.47340067340067443,0.4199572516511795,0.11105215535065506,0.2113095238095238,0.523063973063973,0.4602892366050261,0.1088812408285264,0.03624142115361698,0.15899909649089808,0.1232073151846654,0.016340669759521396,random_sampling
2220,0.22173361889696852,0.48067340067340214,0.4256021275296364,0.11006349585661604,0.2113095238095238,0.523063973063973,0.47103588996829215,0.10655498319549356,0.036541746440371094,0.16373984035380318,0.12718566360630248,0.017086466392268938,random_sampling
2270,0.22481654304275886,0.4843434343434322,0.4289873670779289,0.10948181302808513,0.21373766898063573,0.5323232323232323,0.4731430448214634,0.10655502546034881,0.04296637182008364,0.16384490992354298,0.12704369643448227,0.017498784789626628,random_sampling
2320,0.22312324015082555,0.4807070707070683,0.4256715898080627,0.11017969031799514,0.21373766898063573,0.5323232323232323,0.47131327953044755,0.10728198097067157,0.042822606273039805,0.1612156361912666,0.12453756722697566,0.016959588093617813,random_sampling
2370,0.2219256292625479,0.48259259259259213,0.4271456113675443,0.11029598622486139,0.2138458724545787,0.5181818181818182,0.45011580150078745,0.10931749866443058,0.04099185689861748,0.15267165251327866,0.11679248592913756,0.016051222742552447,random_sampling
2420,0.22192562926254802,0.48259259259259235,0.4271456113675443,0.11029598622486138,0.2138458724545787,0.5181818181818182,0.45011580150078745,0.10931749866443058,0.04099368914163546,0.1526784765898275,0.11679770628832804,0.016051940195798677,random_sampling
2470,0.22357862279087176,0.48074074074073925,0.4261983431924515,0.11026699258333288,0.21475127590235504,0.5181818181818182,0.45011580150078745,0.10917214982722127,0.03982156255523414,0.1516707292265121,0.11545753377379253,0.015640208099063798,random_sampling
2520,0.22357862279087196,0.4807407407407395,0.42619834319245176,0.11026699258333292,0.21475127590235504,0.5181818181818182,0.45011580150078745,0.10917214982722127,0.039823576135118374,0.15167839846673775,0.11546337189144974,0.01564099894719714,random_sampling
2570,0.21870859788177777,0.4825252525252511,0.42583008535905864,0.11061600737387046,0.2137557077625571,0.5323232323232323,0.4646155735691476,0.10815428531820365,0.03642193615311559,0.15645411231571363,0.1193470503276734,0.015885921890296136,random_sampling
2620,0.2187085978817778,0.4825252525252514,0.42583008535905853,0.11061600737387048,0.2137557077625571,0.5323232323232323,0.4646155735691476,0.10815428531820365,0.0364240365502312,0.15646313478406504,0.1193539328887545,0.015886838007011534,random_sampling
2670,0.2174586959691121,0.4825252525252519,0.42576802837620037,0.1106741384508656,0.2122747747747748,0.5323232323232323,0.46564154962007825,0.10786350311407453,0.034338599154121435,0.15647280344681386,0.11976685116093658,0.016028993879677232,random_sampling
2720,0.21745869596911208,0.4825252525252523,0.4257680283762003,0.1106741384508656,0.2122747747747748,0.5323232323232323,0.46564154962007825,0.10786350311407453,0.03434087859248263,0.1564831903035711,0.11977480143152586,0.01603005790396594,random_sampling
2770,0.21542091508179584,0.4788552188552191,0.4225831432171467,0.11105230753855536,0.21591088017635018,0.513973063973064,0.4575025198974387,0.10786354537892978,0.02916765667154972,0.1615671137911871,0.12433940242437985,0.016564271450159058,random_sampling
2820,0.2154209150817958,0.4788552188552191,0.4225831432171465,0.11105230753855536,0.21591088017635018,0.513973063973064,0.4575025198974387,0.10786354537892978,0.029169909261171283,0.16157959146149897,0.12434900503492237,0.016565550692656254,random_sampling
2870,0.21210909465033426,0.47696969696969665,0.42013409504426996,0.11177938997621319,0.21059925093632959,0.5321548821548822,0.4713917368174313,0.10774960793458195,0.02827724626967411,0.15828622241864526,0.12155251762334636,0.015831741673371858,random_sampling
2920,0.21210909465033442,0.4769696969696967,0.42013409504427013,0.11177938997621323,0.21059925093632959,0.5321548821548822,0.4713917368174313,0.10774960793458195,0.028279818682348943,0.1583006218930821,0.12156357539163151,0.0158331819045937,random_sampling
2970,0.21470759013811436,0.47521885521885554,0.41937727684619974,0.11183726735589498,0.2111864406779661,0.523063973063973,0.4560318432333129,0.11078801977318989,0.03150348402014502,0.15585559498726886,0.11834265921667603,0.01564858101407078,random_sampling
3020,0.2147075901381143,0.47521885521885554,0.4193772768461993,0.11183726735589494,0.2111864406779661,0.523063973063973,0.4560318432333129,0.11078801977318989,0.03150690961511194,0.15587254226019318,0.1183555274447592,0.01565028259413496,random_sampling
3070,0.21385581531483897,0.4752188552188561,0.419032866236116,0.11198268382670694,0.2082664526484751,0.5321548821548822,0.46409517385172017,0.10904332654841523,0.029051747280014247,0.154176780949273,0.11670062864166168,0.0150749352490436,random_sampling
3120,0.2138558153148389,0.4752188552188564,0.4190328662361162,0.11198268382670692,0.2082664526484751,0.5321548821548822,0.46409517385172017,0.10904332654841523,0.029055589849607155,0.15419717335475203,0.11671606421194831,0.015076929156234263,random_sampling
3170,0.21443003425300056,0.4807070707070716,0.422863094436791,0.11140114473802307,0.20970695970695968,0.5412457912457913,0.47054698457223,0.10802558883396336,0.03025066571294267,0.15668199067061728,0.11775614038923958,0.015112387309876135,random_sampling
3220,0.21443003425300058,0.48070707070707125,0.42286309443679065,0.11140114473802304,0.20970695970695968,0.5412457912457913,0.47054698457223,0.10802558883396336,0.030255637471660272,0.1567077416759142,0.11777549385150994,0.0151148710616079,random_sampling
3270,0.21393776131647785,0.48074074074074086,0.4229520508024409,0.11145914895160962,0.2073287180711387,0.5321548821548822,0.46089397860384873,0.11049723756906077,0.03184809171830363,0.15714203114322536,0.11836273060483643,0.015672119419488834,random_sampling
3320,0.21393776131647801,0.4807407407407406,0.42295205080244086,0.11145914895160956,0.2073287180711387,0.5321548821548822,0.46089397860384873,0.11049723756906077,0.03185477056743193,0.15717498532858148,0.1183875524003499,0.015675406012671533,random_sampling
3370,0.2132274205762442,0.4771380471380471,0.42034361236792134,0.11192428209728243,0.20504692387904067,0.5181818181818181,0.4463078744531348,0.11311427740622274,0.02947179534731464,0.154553564567257,0.11575947096885712,0.015441095104220906,random_sampling
3420,0.2132274205762442,0.47713804713804714,0.42034361236792134,0.11192428209728243,0.20504692387904067,0.5181818181818181,0.4463078744531348,0.11311427740622274,0.02947995362991998,0.15459634756172835,0.11579151511368373,0.015445369455888695,random_sampling
3470,0.2129465507372138,0.47717171717171725,0.4206587519615704,0.1118950854762664,0.2063894523326572,0.509090909090909,0.44017607042817125,0.11398662401861007,0.03154440421633766,0.15499441489403068,0.11733559199666647,0.016108636131042683,random_sampling
3520,0.21294655073721397,0.47717171717171747,0.42065875196157043,0.11189508547626636,0.2063894523326572,0.509090909090909,0.44017607042817125,0.11398662401861007,0.03155646017099772,0.1550536522036248,0.11738043648215495,0.016114792690079253,random_sampling
3570,0.21323072974593502,0.4789898989898991,0.4219741661917669,0.11166243436880195,0.20184227537168714,0.5181818181818181,0.44850664985095157,0.11209653969177086,0.03143616136620061,0.1551690677576622,0.11659632800428729,0.01574421594649623,random_sampling
3620,0.21323072974593515,0.47898989898989947,0.421974166191767,0.11166243436880194,0.20184227537168714,0.5181818181818181,0.44850664985095157,0.11209653969177086,0.03145381717290913,0.15525621691800529,0.11666181316980062,0.01575305852846069,random_sampling
3670,0.21191568982606968,0.4771717171717175,0.42036658079373035,0.11192409608766285,0.20591364845508492,0.509090909090909,0.4411096530796359,0.1135504507124164,0.029481484438507552,0.15809812327302342,0.11909420807758037,0.01633319104113041,random_sampling
3720,0.21191568982606965,0.4771717171717174,0.42036658079373046,0.11192409608766289,0.20591364845508492,0.509090909090909,0.4411096530796359,0.1135504507124164,0.029508176598287975,0.15824126329625357,0.11920203445374396,0.016347978903861787,random_sampling
3770,0.21140460712829773,0.4735016835016839,0.417419262370318,0.11241852732442613,0.205718954248366,0.509090909090909,0.440781930749828,0.11369584181448095,0.028852139147699938,0.15701946517501345,0.11844746765553116,0.016097396313795444,random_sampling
3820,0.21140460712829776,0.47350168350168387,0.41741926237031834,0.11241852732442609,0.205718954248366,0.509090909090909,0.440781930749828,0.11369584181448095,0.028901165757652315,0.15728627839238554,0.11864873792415377,0.016124749598287986,random_sampling
3870,0.21253159732669885,0.47346801346801365,0.41739248781207133,0.11253497551262304,0.20276024078696225,0.509090909090909,0.4388969521044993,0.11442279732480372,0.03025457948455026,0.15141023351420263,0.11280148000601266,0.014864348799889538,random_sampling
3920,0.21253159732669885,0.4734680134680133,0.4173924878120712,0.11253497551262302,0.20276024078696225,0.509090909090909,0.4388969521044993,0.11442279732480372,0.03038470730866777,0.15206146333038265,0.11328664990096736,0.01492828177794469,random_sampling
3970,0.20991008493817542,0.47535353535353525,0.41807653513118703,0.11244756326031427,0.2005586592178771,0.5181818181818181,0.4485201830448091,0.11209653969177086,0.027867284335335755,0.1618412691845761,0.12040112426687667,0.01624118630699912,random_sampling
4020,0.20991008493817537,0.4753535353535353,0.4180765351311869,0.11244756326031424,0.2005586592178771,0.5181818181818181,0.4485201830448091,0.11209653969177086,0.02863091296357696,0.1662760976699454,0.12370039606732372,0.016686232715948893,random_sampling
