AL_switch_point_mean,AL_switch_point_median,AL_switch_point_std,active_learning_strategy,budget_per_item_mean,budget_per_item_median,budget_per_item_std,budget_spent_per_item_mean,budget_spent_per_item_median,budget_spent_per_item_std,f_beta_mean,f_beta_median,f_beta_std,fn_count_mean,fn_count_median,fn_count_std,fp_count_mean,fp_count_median,fp_count_std,loss_mean,loss_median,loss_std,precision_mean,precision_median,precision_std,recall_mean,recall_median,recall_std
0.0,0.0,0.0,,1.0,1.0,0.0,0.999878787878788,1.0,0.00038330638305071504,0.6564584848274306,0.6590445472776191,0.01002288848784444,4.9,4.5,2.1317702607092643,662.9,663.5,2.7264140062238043,0.8332121212121212,0.8278787878787879,0.014446351502278168,0.16929666734491688,0.17022618121327573,0.0024869338609035136,0.9649999999999999,0.9678571428571429,0.015226930433637612
0.09999999999999999,0.1,1.4628472785736255e-17,objective_aware_sampling,1.0,1.0,0.0,0.9995151515151516,1.0,0.0008475223015516431,0.6838238602368346,0.6819392395032202,0.00889836363615075,0.7,0.5,0.8232726023485646,638.2,649.5,36.17488385913937,0.7778181818181817,0.7903030303030303,0.039331418919653055,0.17949513940383585,0.17681384085268392,0.007759158494018435,0.9949999999999999,0.9964285714285714,0.005880518588204012
0.19999999999999998,0.2,2.925694557147251e-17,objective_aware_sampling,1.0,1.0,0.0,0.999878787878788,1.0,0.00038330638305071504,0.6792379351575045,0.6794916965316308,0.005668614786645263,1.0,0.0,1.4907119849998598,647.5,651.5,23.33452377915607,0.7909090909090908,0.7945454545454546,0.02282202470759123,0.17684828322809537,0.17613321601981294,0.004348498468972636,0.9928571428571429,1.0,0.010647942749999001
0.3,0.30000000000000004,5.851389114294502e-17,objective_aware_sampling,1.0,1.0,0.0,0.9984242424242424,1.0,0.003430776519653129,0.6804049360906163,0.678205988924917,0.006690805555354355,0.4,0.0,0.6992058987801011,652.3,655.0,22.544030991225444,0.7930909090909092,0.7945454545454546,0.025656088439051854,0.17640765213909324,0.17606051854704147,0.004794959635448234,0.9971428571428571,1.0,0.004994327848429275
0.39999999999999997,0.4,5.851389114294502e-17,objective_aware_sampling,1.0,1.0,0.0,0.9997575757575758,1.0,0.0005110751774009535,0.6792971444482251,0.67862591527679,0.004456735658628359,0.2,0.0,0.6324555320336759,658.3,663.0,17.410405573168656,0.7991515151515152,0.8036363636363637,0.018830623689399757,0.17523494283489607,0.17435052799890816,0.0034724562340184856,0.9985714285714286,1.0,0.004517539514526239
0.5,0.5,0.0,objective_aware_sampling,1.0,1.0,0.0,0.999878787878788,1.0,0.00038330638305071504,0.6812536092322696,0.6778029779545853,0.009162614369286821,0.9,0.5,1.1005049346146119,643.1,660.5,34.03739773314706,0.784969696969697,0.8066666666666666,0.037382799884046886,0.1781225044819325,0.17385651795715815,0.007357278651098781,0.9935714285714285,0.9964285714285714,0.007860749532961508
0.6,0.6000000000000001,1.1702778228589004e-16,objective_aware_sampling,1.0,1.0,0.0,0.9998787878787878,1.0,0.00038330638305071515,0.6877730506530013,0.686247887856773,0.00467735591919545,0.4,0.0,0.6992058987801011,630.2,630.0,13.456101466125569,0.7663030303030303,0.7666666666666666,0.015499571301805104,0.18139202923197942,0.18128597195201038,0.0030113785902403122,0.9971428571428571,1.0,0.004994327848429275
0.7000000000000001,0.7000000000000001,0.0,objective_aware_sampling,1.0,1.0,0.0,0.9996363636363637,1.0,0.0005855101715632133,0.6873793916190759,0.6877937309086977,0.0045796258245152975,0.2,0.0,0.42163702135578396,634.1,634.5,15.701733803769711,0.769818181818182,0.7703030303030303,0.017781909529050482,0.1807079343960522,0.18053236845430903,0.00350399139604797,0.9985714285714286,1.0,0.00301169300968416
0.0,0.0,0.0,,2.0,2.0,0.0,1.9995151515151517,2.0,0.0008475223015516432,0.692315837358476,0.6916952299343045,0.011976133513711193,6.1,5.5,2.330951164939612,540.2,541.0,8.337332373793856,0.6917575757575757,0.7,0.018320904599732925,0.19865661737620194,0.1968715217045635,0.0039320891495971235,0.9564285714285715,0.9607142857142857,0.016649651178140077
0.09999999999999999,0.1,1.4628472785736255e-17,objective_aware_sampling,2.0,2.0,0.0,1.9883636363636363,2.0,0.03594915294963352,0.7346239636879772,0.7308096740273395,0.007075418488937346,1.3,1.0,1.0593499054713802,489.5,493.0,22.711964541477546,0.6012121212121213,0.6090909090909091,0.02420873079425494,0.22103112032078936,0.21891781035636818,0.007337340684391611,0.9907142857142857,0.9928571428571429,0.007566785039081301
0.19999999999999998,0.2,2.925694557147251e-17,objective_aware_sampling,2.0,2.0,0.0,1.999757575757576,2.0,0.0005110751774009535,0.7325804129075911,0.7344732151233699,0.007170858417707483,1.7,2.0,1.4181364924121764,489.6,488.5,15.32753513560916,0.6037575757575757,0.6066666666666667,0.01716529885992421,0.22036181537454474,0.21972721566529124,0.004958623742483085,0.9878571428571428,0.9857142857142858,0.010129546374372696
0.3,0.30000000000000004,5.851389114294502e-17,objective_aware_sampling,2.0,2.0,0.0,1.9774545454545454,2.0,0.05404242420466485,0.7327026134687047,0.7299824529504675,0.010677622149754649,0.9,1.0,1.1972189997378648,499.6,504.0,23.46249963002427,0.6110303030303031,0.623030303030303,0.0290597476200613,0.21805568838940795,0.21433553178356363,0.008361595072772286,0.9935714285714287,0.9928571428571429,0.008551564283841892
0.39999999999999997,0.4,5.851389114294502e-17,objective_aware_sampling,2.0,2.0,0.0,1.999878787878788,2.0,0.00038330638305071504,0.736130149286674,0.7370147240446998,0.008848272670139708,1.0,1.0,0.6666666666666666,489.5,487.0,24.295632895188753,0.5993939393939393,0.5963636363636364,0.028318880341164022,0.22144887451647696,0.22205889483502658,0.008233534611391344,0.9928571428571431,0.9928571428571429,0.004761904761904745
0.5,0.5,0.0,objective_aware_sampling,2.0,2.0,0.0,1.9798787878787878,2.0,0.06235640784904747,0.707944223251285,0.7048344856592914,0.007906662323498556,0.6,0.5,0.6992058987801011,569.9,568.5,23.586483888494747,0.6944242424242424,0.6957575757575758,0.02726269924129738,0.19672406577468166,0.1964662277454042,0.0064258696410712,0.9957142857142858,0.9964285714285714,0.0049943278484292745
0.6,0.6000000000000001,1.1702778228589004e-16,objective_aware_sampling,2.0,2.0,0.0,1.9996363636363637,2.0,0.0008181194638915847,0.7128732592131494,0.711721993700928,0.009780346666311095,0.4,0.0,0.6992058987801011,559.0,552.0,28.130647581122858,0.6799999999999999,0.6751515151515152,0.033027677281108385,0.20011369231157977,0.20115523889108794,0.007896275034155775,0.9971428571428571,1.0,0.0049943278484292745
0.7000000000000001,0.7000000000000001,0.0,objective_aware_sampling,2.0,2.0,0.0,1.999878787878788,2.0,0.00038330638305071504,0.7103293295703076,0.7104799854128443,0.012773908682230037,1.0,0.5,1.3333333333333333,558.2,566.5,26.553091470988207,0.6826666666666666,0.6915151515151515,0.03493396046420914,0.19964060783562315,0.19704521322958432,0.00825768935551354,0.9928571428571429,0.9964285714285714,0.009523809523809518
0.0,0.0,0.0,,3.0,3.0,0.0,2.6322424242424245,2.626666666666667,0.05405450585382986,0.7386347911436852,0.7385874246339363,0.006658836915694755,6.7,7.0,1.1595018087284057,411.4,413.0,7.515909052728677,0.5392727272727272,0.5393939393939394,0.011448682874339214,0.24476085699855715,0.24452636170800823,0.00373082173170412,0.9521428571428572,0.95,0.008282155776631484
0.09999999999999999,0.1,1.4628472785736255e-17,objective_aware_sampling,3.0,3.0,0.0,2.8212121212121213,2.8442424242424242,0.20179644173662098,0.7681021223048803,0.767510733892929,0.006857176258950623,2.7,3.0,1.636391694484477,390.2,390.5,9.366607354497855,0.4893333333333333,0.4903030303030303,0.009630241792602159,0.26033781668191114,0.25901241502477246,0.0037574539446646096,0.9807142857142856,0.9785714285714285,0.01168851210346056
0.19999999999999998,0.2,2.925694557147251e-17,objective_aware_sampling,3.0,3.0,0.0,2.4323636363636365,2.4387878787878785,0.22602588624972586,0.7617414355954207,0.7630645560756951,0.009051252759770808,2.0,1.5,1.4142135623730951,413.8,418.0,22.36465465366675,0.5136969696969697,0.5096969696969698,0.024714593699274777,0.25043903143316293,0.25024775890805895,0.009526257998041458,0.9857142857142858,0.9892857142857143,0.010101525445522124
0.3,0.30000000000000004,5.851389114294502e-17,objective_aware_sampling,3.0,3.0,0.0,2.7276363636363636,2.723030303030303,0.23172839087614436,0.758575792012952,0.7586941061027539,0.012415823525706596,1.9,2.0,1.1972189997378648,422.7,422.5,22.779376637651872,0.5238787878787878,0.5266666666666666,0.030180492986741667,0.24662436817218653,0.24553490285364432,0.010438998670976352,0.9864285714285715,0.9857142857142858,0.008551564283841908
0.39999999999999997,0.4,5.851389114294502e-17,objective_aware_sampling,3.0,3.0,0.0,2.7486060606060603,2.7775757575757574,0.21434349146506734,0.7570923487819778,0.7565315264860506,0.006897665661975838,2.1,1.5,1.728840330651992,423.6,421.5,20.791023704153353,0.5261818181818182,0.5242424242424242,0.019531916591522463,0.24585296564920234,0.24664560179673473,0.007666701532913746,0.9850000000000001,0.9892857142857143,0.01234885950465709
0.5,0.5,0.0,objective_aware_sampling,3.0,3.0,0.0,2.9254545454545453,2.9545454545454546,0.12423864657145926,0.7639777079105086,0.7681675116239727,0.013040531857733456,2.8,2.0,2.2997584414213788,398.7,397.5,10.371435130523967,0.5002424242424242,0.4987878787878788,0.01976125226581434,0.25609534894357555,0.25556481738754594,0.006133946293089313,0.9800000000000001,0.9857142857142858,0.016426846010152714
0.6,0.6000000000000001,1.1702778228589004e-16,objective_aware_sampling,3.0,3.0,0.0,2.9804848484848483,3.0,0.04255084524636959,0.748408014533947,0.7498663104672593,0.015236187060093945,1.2,0.5,1.3984117975602022,456.3,453.5,31.219829880666836,0.5603636363636364,0.5587878787878788,0.04017328042310047,0.23380845275892806,0.2340236618817591,0.012352950445389158,0.9914285714285714,0.9964285714285714,0.0099886556968586
0.7000000000000001,0.7000000000000001,0.0,objective_aware_sampling,3.0,3.0,0.0,3.0,3.0,0.0,0.7394713474618108,0.7376922722667403,0.013348272373512719,1.4,1.0,1.3498971154211057,476.1,471.5,28.399726133264814,0.5855757575757575,0.5806060606060606,0.03585480133678211,0.22590611699104918,0.2277628683377167,0.010600923648352432,0.99,0.9928571428571429,0.009642122253007902
0.0,0.0,0.0,,4.0,4.0,0.0,2.5792727272727274,2.5745454545454547,0.03930816873595809,0.7376408846814719,0.7342811865619616,0.011178823593525214,6.7,7.5,2.1628170930011112,413.8,414.5,7.284687135812126,0.5421818181818182,0.5412121212121213,0.015031714933141921,0.243673801824361,0.2440538264078293,0.00415218175888987,0.9521428571428572,0.9464285714285714,0.015448693521436505
0.09999999999999999,0.1,1.4628472785736255e-17,objective_aware_sampling,4.0,4.0,0.0,2.795272727272727,2.7533333333333334,0.40118565223399055,0.7685829323631508,0.7677570307528112,0.013159165293474167,2.2,2.0,1.7511900715418263,395.5,397.0,32.921624099265415,0.4927272727272728,0.4860606060606061,0.03690837769459023,0.25921375136656516,0.2604249527142882,0.014720846682493724,0.9842857142857143,0.9857142857142858,0.012508500511013045
0.19999999999999998,0.2,2.925694557147251e-17,objective_aware_sampling,4.0,4.0,0.0,2.3816969696969696,2.503636363636364,0.38417441962660553,0.763036726794627,0.7698746075789222,0.02174772784356838,1.4,1.0,0.8432740427115679,419.3,404.5,58.17034372331737,0.5167272727272728,0.49636363636363634,0.06893845783210228,0.25041787314398506,0.25579848037489505,0.021107591223374213,0.9900000000000002,0.9928571428571429,0.006023386019368344
0.3,0.30000000000000004,5.851389114294502e-17,objective_aware_sampling,4.0,4.0,0.0,2.763151515151515,2.787878787878788,0.1566063941787943,0.7606919386525888,0.7632307943560936,0.012345426636280167,1.8,1.0,1.3984117975602022,418.8,417.5,20.422210131782176,0.5185454545454545,0.509090909090909,0.02813699777538209,0.2484166633365549,0.2504553029497184,0.009572187600854935,0.9871428571428572,0.9928571428571429,0.0099886556968586
0.39999999999999997,0.4,5.851389114294502e-17,objective_aware_sampling,4.0,4.0,0.0,3.0367272727272727,2.956969696969697,0.352710402595633,0.7647366857080418,0.7670930663700408,0.011625375590498763,2.8,2.0,2.4855135843076335,396.9,397.0,18.734697459230265,0.49806060606060604,0.4927272727272727,0.020826313479088716,0.25712177127495023,0.25864678435174404,0.008011475995686019,0.9800000000000001,0.9857142857142858,0.017753668459340243
0.5,0.5,0.0,objective_aware_sampling,4.0,4.0,0.0,3.2838787878787876,3.3236363636363633,0.19326211706714852,0.7690618491521818,0.7717895349015167,0.009995683086140785,1.3,1.0,1.4181364924121764,404.9,405.0,14.49482666333061,0.49866666666666665,0.49757575757575756,0.02030840674579364,0.25531347182685926,0.2555431707107948,0.007291632799053774,0.9907142857142857,0.9928571428571429,0.010129546374372692
0.6,0.6000000000000001,1.1702778228589004e-16,objective_aware_sampling,4.0,4.0,0.0,3.6265454545454547,3.6133333333333333,0.15979116051291287,0.7688531566674371,0.7692348620568348,0.005509258782575255,1.7,2.0,1.1595018087284057,400.5,403.5,10.731573354670166,0.4957575757575758,0.49636363636363634,0.011456522730309377,0.25676211455495446,0.2547772810067892,0.00462657119706306,0.9878571428571428,0.9857142857142858,0.008282155776631482
0.7000000000000001,0.7000000000000001,0.0,objective_aware_sampling,4.0,4.0,0.0,3.8901818181818184,3.9430303030303033,0.12114098922950448,0.770991141926402,0.772230564286225,0.010158385850488451,2.1,1.5,1.911950719959998,390.7,391.5,5.478239782184704,0.48630303030303024,0.48787878787878786,0.013373676340304447,0.2608943776130294,0.2607496076785519,0.0038105114122784422,0.985,0.9892857142857143,0.013656790856857125
0.0,0.0,0.0,,5.0,5.0,0.0,2.611151515151515,2.6006060606060606,0.049176215525919525,0.7400934322234572,0.7414589064463609,0.010282703747234808,6.8,6.5,1.7511900715418263,406.6,408.0,6.818276093624317,0.5340606060606061,0.5315151515151515,0.015493250535701804,0.24679277995348264,0.246992859538985,0.004557139217771136,0.9514285714285714,0.9535714285714285,0.01250850051101305
0.09999999999999999,0.1,1.4628472785736255e-17,objective_aware_sampling,5.0,5.0,0.0,2.7969696969696973,2.8315151515151515,0.2753939216104703,0.7691834831057837,0.769460124153666,0.006695684426826802,2.7,2.0,2.110818693198342,387.7,390.0,20.16625343929253,0.48630303030303024,0.48484848484848486,0.01633043145576615,0.2618099639838829,0.2627572898799314,0.007920689157390552,0.9807142857142856,0.9857142857142858,0.015077276379988177
0.19999999999999998,0.2,2.925694557147251e-17,objective_aware_sampling,5.0,5.0,0.0,2.7101818181818182,2.6872727272727275,0.35544784870019597,0.7547768461835992,0.7538069580597168,0.018228628940467895,2.1,1.5,2.330951164939612,429.8,436.0,41.05227020383756,0.5336969696969698,0.5436363636363637,0.04820135977940049,0.2440311721246209,0.23937421769689965,0.017567444994259458,0.985,0.9892857142857143,0.016649651178140094
0.3,0.30000000000000004,5.851389114294502e-17,objective_aware_sampling,5.0,5.0,0.0,2.9756363636363634,3.103030303030303,0.30036128298483183,0.7642870119274885,0.7700890116635974,0.01485111363200132,2.4,2.0,2.2705848487901865,403.0,403.0,23.865363092891663,0.503030303030303,0.5,0.03110323919825087,0.25494898732812404,0.2538781801076883,0.011216084783968459,0.9828571428571429,0.9857142857142858,0.016218463205644205
0.39999999999999997,0.4,5.851389114294502e-17,objective_aware_sampling,5.0,5.0,0.0,3.275515151515152,3.2563636363636363,0.17603558646266662,0.7689392226378746,0.7709302801327341,0.01073007984379146,1.6,1.0,1.7126976771553506,401.6,398.5,18.099723754798028,0.4964848484848484,0.49333333333333335,0.022685348537357798,0.25653734172358555,0.2581596136474185,0.008440113912781015,0.9885714285714287,0.9928571428571429,0.01223355483682393
0.5,0.5,0.0,objective_aware_sampling,5.0,5.0,0.0,3.571151515151515,3.6115151515151513,0.14422239059587402,0.7699667444964577,0.7735435730956448,0.007208580123454507,1.4,1.5,0.6992058987801011,401.6,395.5,16.780941570722423,0.4952727272727272,0.48303030303030303,0.01979550592665814,0.2567860178875347,0.260755252280676,0.0076844840447254014,0.99,0.9892857142857143,0.004994327848429275
0.6,0.6000000000000001,1.1702778228589004e-16,objective_aware_sampling,5.0,5.0,0.0,3.8760000000000003,3.9006060606060604,0.1132813579300859,0.7779664079362668,0.7780250359818752,0.005181147521256069,1.4,1.0,0.966091783079296,383.0,380.5,11.41149517908246,0.4727272727272728,0.4727272727272727,0.012268465818738566,0.2658240038928117,0.2664154543997555,0.00527632047339075,0.9899999999999999,0.9928571428571429,0.006900655593423559
0.7000000000000001,0.7000000000000001,0.0,objective_aware_sampling,5.0,5.0,0.0,4.296969696969697,4.326666666666666,0.15447347633933117,0.7744945055956759,0.7739764441951766,0.005581659052408854,1.5,2.0,0.7071067811865476,389.8,389.5,8.12130257751523,0.48157575757575755,0.47878787878787876,0.011542409701274263,0.26221766835877147,0.2627599243856333,0.004324279200407924,0.9892857142857144,0.9857142857142858,0.005050762722761035
0.0,0.0,0.0,,6.0,6.0,0.0,2.6239999999999997,2.610909090909091,0.05790281025269564,0.7394437842854492,0.7396096274542544,0.00805884245274449,6.7,6.5,1.5670212364724212,409.4,410.5,5.7773504115448775,0.5368484848484848,0.5381818181818182,0.010953147104215449,0.2456410740350002,0.24581402768914906,0.0031440012338440895,0.9521428571428572,0.9535714285714285,0.011193008831945876
0.09999999999999999,0.1,1.4628472785736255e-17,objective_aware_sampling,6.0,6.0,0.0,2.4172121212121214,2.45030303030303,0.1892383091211091,0.7651307942386432,0.767093777432126,0.011020452014641672,1.6,1.5,1.776388345929897,410.6,406.5,21.884545536367288,0.5073939393939394,0.5060606060606061,0.025663404799111767,0.2524283769804405,0.25299613510334396,0.00961081777331528,0.9885714285714287,0.9892857142857143,0.012688488185213535
0.19999999999999998,0.2,2.925694557147251e-17,objective_aware_sampling,6.0,6.0,0.0,2.8471515151515154,2.813939393939394,0.23814091371758514,0.7584041054132813,0.7582009832301128,0.0064749315787202425,2.4,2.0,2.3664319132398464,416.7,420.5,22.346016299207438,0.5196363636363637,0.5193939393939394,0.016786407938581185,0.2485433821074669,0.2477693891557996,0.007888554858882249,0.9828571428571429,0.9857142857142858,0.016903085094570346
0.3,0.30000000000000004,5.851389114294502e-17,objective_aware_sampling,6.0,6.0,0.0,3.1795151515151514,3.1903030303030304,0.15639281433713043,0.7690170550104045,0.7698879551820729,0.011141891997323556,1.2,2.0,1.0327955589886446,406.3,402.5,17.60082068793637,0.49975757575757573,0.4939393939393939,0.02514189909885308,0.2548792957125835,0.2566912216083487,0.008917322132633486,0.9914285714285714,0.9857142857142858,0.007377111135633148
0.39999999999999997,0.4,5.851389114294502e-17,objective_aware_sampling,6.0,6.0,0.0,3.7273939393939393,3.7036363636363636,0.19272807741822143,0.769909421578735,0.7677330218513987,0.009241215898767675,2.1,2.0,1.3703203194062978,393.3,394.0,13.157591809378426,0.4894545454545455,0.4890909090909091,0.018327586265645054,0.2597417620814312,0.2602223893425011,0.006799748102228832,0.985,0.9857142857142858,0.009788002281473564
0.5,0.5,0.0,objective_aware_sampling,6.0,6.0,0.0,3.8682424242424247,3.8884848484848487,0.10682120730247437,0.7744847611170027,0.7741748516240508,0.007405577401797666,1.4,1.5,1.1737877907772674,391.0,391.0,5.773502691896258,0.4824242424242424,0.48545454545454547,0.011779700797667273,0.2617357585731415,0.26066291949082493,0.0038121788774488218,0.99,0.9892857142857143,0.008384198505551912
0.6,0.6000000000000001,1.1702778228589004e-16,objective_aware_sampling,6.0,6.0,0.0,4.379151515151515,4.418787878787879,0.13178755013883034,0.7716406340082732,0.7713729047099397,0.006467250867473752,2.4,2.0,1.577621275493231,385.6,384.5,10.905656024895215,0.48193939393939383,0.4824242424242424,0.010508158048530718,0.26307717037458056,0.26253876431297707,0.004494452131502188,0.9828571428571429,0.9857142857142858,0.011268723396380223
0.7000000000000001,0.7000000000000001,0.0,objective_aware_sampling,6.0,6.0,0.0,4.814181818181817,4.843636363636364,0.12320522967605158,0.778110611910406,0.7795871761641733,0.008754423060317108,1.7,1.0,1.4944341180973262,379.1,380.5,6.4368729468068056,0.4698181818181818,0.4690909090909091,0.013019884645574345,0.2673332376903354,0.26724163241338816,0.004332236969309776,0.987857142857143,0.9928571428571429,0.010674529414980915
0.0,0.0,0.0,,7.0,7.0,0.0,2.640121212121212,2.6424242424242426,0.06098052664695337,0.7421824982657406,0.7424963413196861,0.0076778502924217595,6.4,6.5,1.505545305418162,406.5,406.5,8.422852512328852,0.5315151515151515,0.5339393939393939,0.011907201639023335,0.24740613075025114,0.2454371085203944,0.0039573715944288546,0.9542857142857143,0.9535714285714285,0.01075389503870117
0.09999999999999999,0.1,1.4628472785736255e-17,objective_aware_sampling,7.0,7.0,0.0,2.5192727272727273,2.5393939393939395,0.15434470357508692,0.7633142758749092,0.765831957439002,0.011776562058348782,2.3,2.0,1.636391694484477,406.5,400.5,23.838577511625516,0.5066666666666666,0.5060606060606061,0.02863275590549751,0.2534538157793614,0.25348134250573273,0.01094016550569747,0.9835714285714285,0.9857142857142858,0.011688512103460554
0.19999999999999998,0.2,2.925694557147251e-17,objective_aware_sampling,7.0,7.0,0.0,2.8515151515151516,2.834545454545455,0.318890152712482,0.7662177638680759,0.7677257162239344,0.012748656607699681,2.2,2.0,1.6865480854231356,400.9,393.5,24.474249506141938,0.4992727272727273,0.4921212121212121,0.030216441947099847,0.2562572883901983,0.25895948016571135,0.011509279981393004,0.9842857142857143,0.9857142857142858,0.012046772038736688
0.3,0.30000000000000004,5.851389114294502e-17,objective_aware_sampling,7.0,7.0,0.0,3.3518787878787877,3.3812121212121213,0.19384597918596783,0.7720003008354743,0.7722387988656065,0.006903121873960492,1.6,1.0,1.505545305418162,394.4,393.5,17.65219533089298,0.4877575757575757,0.48484848484848486,0.017613566670149218,0.2599742017887071,0.26131731197151753,0.007128699287425657,0.9885714285714287,0.9928571428571429,0.010753895038701174
0.39999999999999997,0.4,5.851389114294502e-17,objective_aware_sampling,7.0,7.0,0.0,3.854181818181818,3.8230303030303032,0.13844625887052844,0.7745407481276237,0.7754885557848251,0.007386833734316768,1.6,1.0,1.1737877907772674,388.5,389.0,8.759122228980608,0.4806060606060606,0.47454545454545455,0.013219594463824558,0.26273206042423825,0.2639560195627734,0.004797912655833696,0.9885714285714287,0.9928571428571429,0.008384198505551919
0.5,0.5,0.0,objective_aware_sampling,7.0,7.0,0.0,4.311636363636364,4.329090909090909,0.07127265855833974,0.7724050163826255,0.7772148566256831,0.011509572682073898,1.9,1.0,1.7919573407620815,389.9,387.0,11.985639555549614,0.48412121212121206,0.47818181818181815,0.019894220830348926,0.26167178532743196,0.2624755728001359,0.00685203857599887,0.9864285714285714,0.9928571428571429,0.012799695291157731
0.6,0.6000000000000001,1.1702778228589004e-16,objective_aware_sampling,7.0,7.0,0.0,4.845090909090909,4.843636363636364,0.07846044366611533,0.773806084349047,0.7724976043209338,0.01025926866344724,2.7,3.0,1.636391694484477,377.1,377.5,10.386422761363884,0.47345454545454546,0.47212121212121216,0.017219896759377865,0.2670089064908657,0.26668559219471377,0.006233338066819406,0.9807142857142856,0.9785714285714285,0.011688512103460554
0.7000000000000001,0.7000000000000001,0.0,objective_aware_sampling,7.0,7.0,0.0,5.49090909090909,5.50909090909091,0.05278567917268726,0.7789149605979401,0.7796229930511327,0.004211195357530441,2.1,2.0,0.9944289260117531,372.5,371.0,4.453463071962462,0.46424242424242423,0.4636363636363636,0.004882038777209923,0.2701915015338288,0.27032248904442857,0.0017850936894249377,0.985,0.9857142857142858,0.007103063757226829
0.0,0.0,0.0,,8.0,8.0,0.0,2.606666666666667,2.6054545454545455,0.02764799802363316,0.74075546844142,0.7419748468552437,0.007584209690255706,6.5,6.0,1.5811388300841898,408.7,408.0,7.056124211554732,0.5347878787878787,0.5345454545454545,0.010266125228707717,0.2462442049684903,0.247201141822739,0.0031393521206420426,0.9535714285714286,0.9571428571428572,0.011293848786315652
0.09999999999999999,0.1,1.4628472785736255e-17,objective_aware_sampling,8.0,8.0,0.0,2.4490909090909088,2.532121212121212,0.2658931235433478,0.7642808585435372,0.7662408214508583,0.01096910377892638,1.6,1.0,1.505545305418162,412.7,410.5,26.123850320263962,0.5099393939393939,0.5036363636363637,0.029663555722609463,0.2516061347164199,0.2529741993177227,0.011161593581265577,0.9885714285714287,0.9928571428571429,0.01075389503870116
0.19999999999999998,0.2,2.925694557147251e-17,objective_aware_sampling,8.0,8.0,0.0,2.8242424242424247,2.8551515151515154,0.177167916294763,0.7633308569161417,0.7610809341143232,0.012404710992175605,1.7,1.0,1.946506842754191,413.7,413.0,24.166321836620302,0.5117575757575757,0.5248484848484849,0.02871132831185773,0.2509506307080712,0.24774960169941584,0.010718528757906066,0.987857142857143,0.9928571428571429,0.013903620305387072
0.3,0.30000000000000004,5.851389114294502e-17,objective_aware_sampling,8.0,8.0,0.0,3.643636363636363,3.638181818181818,0.12192785320677765,0.7667633630432228,0.7679505882058463,0.007357947294704236,1.6,1.0,1.6465452046971292,406.6,408.5,13.384900281868205,0.5025454545454545,0.5036363636363637,0.013975359837349795,0.2540614822454913,0.253199268738574,0.005504563222529523,0.9885714285714284,0.9928571428571429,0.011761037176408069
0.39999999999999997,0.4,5.851389114294502e-17,objective_aware_sampling,8.0,8.0,0.0,4.151515151515151,4.1078787878787875,0.11925695879998884,0.77334487525007,0.7752270505313994,0.00879331497918423,1.6,1.0,1.3498971154211057,391.3,388.0,13.182901383568371,0.484,0.48363636363636364,0.017593628439209856,0.26141942560591447,0.2612386715802275,0.006668707996724912,0.9885714285714287,0.9928571428571429,0.009642122253007895
0.5,0.5,0.0,objective_aware_sampling,8.0,8.0,0.0,4.714181818181818,4.7351515151515144,0.1736732792272877,0.77428983925573,0.7720363840884559,0.007161513089227173,1.9,2.0,1.1972189997378648,385.5,384.0,9.216531041798994,0.4787878787878789,0.4818181818181818,0.01291666049547134,0.26381945782146776,0.26373231346215137,0.004814488570144449,0.9864285714285714,0.9857142857142858,0.008551564283841904
0.6,0.6000000000000001,1.1702778228589004e-16,objective_aware_sampling,8.0,8.0,0.0,5.260727272727273,5.272121212121212,0.10697148060816823,0.7797360308209489,0.7786752952979776,0.008063714316629443,1.2,0.5,1.4757295747452437,381.3,381.5,7.616502551113018,0.46945454545454546,0.47515151515151516,0.012229149051417408,0.2669161507942374,0.2660534543164341,0.004250570549573147,0.9914285714285714,0.9964285714285714,0.0105409255338946
0.7000000000000001,0.7000000000000001,0.0,objective_aware_sampling,8.0,8.0,0.0,5.939878787878788,5.92969696969697,0.06189392600010572,0.7843385663172974,0.78421065363434,0.0047923978461739255,1.0,1.0,0.9428090415820634,373.2,371.5,6.828046735503663,0.4584242424242424,0.4575757575757576,0.008276420285458977,0.2714158651661462,0.2723828197451048,0.003372899516684721,0.9928571428571431,0.9928571428571429,0.006734350297014741
0.0,0.0,0.0,,1.0,1.0,0.0,1.0,1.0,0.0,0.6561670032086508,0.6562955760816723,0.005454316083046377,5.0,5.0,1.1547005383792515,662.4,662.5,1.776388345929897,0.8332121212121212,0.8327272727272728,0.007962774323119209,0.16930004051500355,0.16938519447929737,0.0013728057778307863,0.9642857142857142,0.9642857142857143,0.008247860988423217
0.09999999999999999,0.1,1.4628472785736255e-17,uncertainty_sampling,1.0,1.0,0.0,0.999151515151515,1.0,0.0015171703721631282,0.676020527169355,0.6753497346840328,0.002111523232307171,0.2,0.0,0.42163702135578396,668.2,673.0,7.997221739801613,0.8111515151515152,0.8157575757575758,0.008393933316313796,0.1730331691159556,0.17220172201722017,0.0015086560820533237,0.9985714285714286,1.0,0.00301169300968416
0.19999999999999998,0.2,2.925694557147251e-17,uncertainty_sampling,1.0,1.0,0.0,0.999878787878788,1.0,0.00038330638305071504,0.6797956998009487,0.6786240018421204,0.00533080434089736,0.5,0.0,1.0801234497346435,652.8,663.0,29.84701734586631,0.7943030303030303,0.8036363636363637,0.029855551300807637,0.17627485701595724,0.17434728328719534,0.0058491335784359956,0.9964285714285713,1.0,0.007715167498104596
0.3,0.30000000000000004,5.851389114294502e-17,uncertainty_sampling,1.0,1.0,0.0,0.9996363636363637,1.0,0.0011499191491521452,0.6831409958329379,0.6822752912329679,0.008186373429923502,0.9,1.0,0.9944289260117533,637.4,642.0,31.732212865372837,0.778060606060606,0.7812121212121212,0.03454226460551097,0.1793864253482756,0.17850336148488233,0.006694235914644738,0.9935714285714285,0.9928571428571429,0.00710306375722681
0.39999999999999997,0.4,5.851389114294502e-17,uncertainty_sampling,1.0,1.0,0.0,0.9997575757575758,1.0,0.0007666127661014303,0.6836873384794382,0.6821018469328799,0.01137716957896196,0.5,0.0,0.97182531580755,641.3,648.0,29.074807728417472,0.7803636363636364,0.790909090909091,0.036510589709041266,0.17889592573889587,0.17666803606289033,0.007108780061544668,0.9964285714285716,1.0,0.006941609398625365
0.5,0.5,0.0,uncertainty_sampling,1.0,1.0,0.0,0.999878787878788,1.0,0.00038330638305071504,0.6808805959155702,0.6779700764504479,0.006913816616067547,0.1,0.0,0.31622776601683794,655.0,665.0,22.93468988235943,0.7945454545454547,0.8060606060606061,0.026729341712752725,0.1761276254548349,0.17391975308641974,0.004999923035529834,0.9992857142857143,1.0,0.0022587697572631206
0.6,0.6000000000000001,1.1702778228589004e-16,uncertainty_sampling,1.0,1.0,0.0,0.9932121212121212,1.0,0.01977900554375697,0.6861105719032008,0.6885469678177267,0.00502128232120822,0.9,1.0,0.9944289260117534,628.3,629.5,10.87351522431147,0.767030303030303,0.7648484848484849,0.012901485247824637,0.18128995758864147,0.1815823605706874,0.0024939370185488845,0.9935714285714287,0.9928571428571429,0.00710306375722681
0.7000000000000001,0.7000000000000001,0.0,uncertainty_sampling,1.0,1.0,0.0,0.9995151515151515,1.0,0.0011710203431264268,0.6863604247834989,0.6849329823139562,0.006162344179764254,0.5,0.0,0.97182531580755,633.1,639.0,21.814623026258737,0.7704242424242425,0.7745454545454545,0.0236299740996776,0.18067965757795768,0.17971877126806704,0.0047433681296240125,0.9964285714285716,1.0,0.006941609398625365
0.0,0.0,0.0,,2.0,2.0,0.0,1.9996363636363637,2.0,0.0005855101715632133,0.6987197888006313,0.6989294004749882,0.010130150105791269,5.2,5.5,2.250925735484551,534.4,535.5,7.426678635537931,0.6792727272727275,0.6812121212121212,0.013144670750764581,0.20144103497266755,0.2010561845472936,0.00275786747462688,0.962857142857143,0.9607142857142857,0.0160780409677468
0.09999999999999999,0.1,1.4628472785736255e-17,uncertainty_sampling,2.0,2.0,0.0,1.9995151515151517,2.0,0.0008475223015516432,0.7263907567747161,0.7294111310631727,0.014625090031753014,2.0,1.5,1.8856180831641267,502.1,495.0,21.809529008109173,0.6207272727272727,0.6181818181818182,0.032975489687193306,0.21582168916158478,0.2170857856251115,0.008216655042764321,0.9857142857142858,0.9892857142857143,0.013468700594029482
0.19999999999999998,0.2,2.925694557147251e-17,uncertainty_sampling,2.0,2.0,0.0,1.999030303030303,2.0,0.0013761120295698191,0.731071268509714,0.7274652261084504,0.01428586427264926,1.7,2.0,1.3374935098492586,493.8,495.0,22.65097496062072,0.6088484848484848,0.616969696969697,0.033741849337198676,0.2190754371044256,0.21676952543094274,0.009242037362991236,0.9878571428571428,0.9857142857142858,0.009553525070351846
0.3,0.30000000000000004,5.851389114294502e-17,uncertainty_sampling,2.0,2.0,0.0,2.0,2.0,0.0,0.7323540254224652,0.7331233899549883,0.0094716799482901,1.1,1.0,0.7378647873726218,498.0,489.0,25.577768124334504,0.6103030303030302,0.6018181818181818,0.030101688013517414,0.2183887429031262,0.2207164879594874,0.008343350678252977,0.9921428571428571,0.9928571428571429,0.00527046276694728
0.39999999999999997,0.4,5.851389114294502e-17,uncertainty_sampling,2.0,2.0,0.0,1.969818181818182,1.9993939393939395,0.09246868722177641,0.7341534040602202,0.7363405867766293,0.010943455880837253,1.2,1.0,1.8135294011647258,491.9,493.5,13.592890298485699,0.6035151515151516,0.6012121212121212,0.020974717680030022,0.22016557205855297,0.22038295567707333,0.005619014429818302,0.9914285714285714,0.9928571428571429,0.012953781436890886
0.5,0.5,0.0,uncertainty_sampling,2.0,2.0,0.0,1.999878787878788,2.0,0.00038330638305071504,0.7005825175947332,0.698605577689243,0.008955766148679186,0.6,0.5,0.6992058987801011,590.6,600.5,21.567465209327583,0.7195151515151516,0.7321212121212122,0.027374743728938895,0.19111459486704901,0.18817748229512937,0.005976713648342383,0.9957142857142858,0.9964285714285714,0.0049943278484292745
0.6,0.6000000000000001,1.1702778228589004e-16,uncertainty_sampling,2.0,2.0,0.0,1.9992727272727273,2.0,0.0015332255322028604,0.7032262187045363,0.7029898690387941,0.010393197833284861,0.7,1.0,0.6749485577105528,581.9,591.5,26.24013041973009,0.7095757575757576,0.716969696969697,0.032690838929325,0.19339275351849158,0.19139194139194138,0.007477228198743968,0.9949999999999999,0.9928571428571429,0.004821061126503932
0.7000000000000001,0.7000000000000001,0.0,uncertainty_sampling,2.0,2.0,0.0,2.0,2.0,0.0,0.7110325686851545,0.7067182830420229,0.012198483515322434,0.4,0.0,0.5163977794943223,564.2,574.5,30.484240008386124,0.6863030303030303,0.6993939393939395,0.03800042422931618,0.198709700367427,0.1953777226790534,0.00926542265073674,0.9971428571428571,1.0,0.003688555567816574
0.0,0.0,0.0,,3.0,3.0,0.0,2.636121212121212,2.623636363636364,0.041369475790624895,0.735799319171212,0.7331310996318706,0.012448274812446083,7.2,8.0,2.043961295567452,412.1,411.0,9.59687449120806,0.543151515151515,0.5436363636363637,0.019781068844327357,0.24378369746291279,0.2440332501742301,0.005941428248394361,0.9485714285714286,0.9428571428571428,0.014599723539767512
0.09999999999999999,0.1,1.4628472785736255e-17,uncertainty_sampling,3.0,3.0,0.0,2.697939393939394,2.7393939393939393,0.20555517335481804,0.7646096142391765,0.7692409739434763,0.017606263498289157,3.0,3.0,2.6666666666666665,395.0,390.0,21.535500406950792,0.49696969696969695,0.49575757575757573,0.032684845925101715,0.25788622902421143,0.25806623325005673,0.011392198449086744,0.9785714285714286,0.9785714285714285,0.01904761904761905
0.19999999999999998,0.2,2.925694557147251e-17,uncertainty_sampling,3.0,3.0,0.0,2.4690909090909092,2.5054545454545454,0.2123008378467538,0.7640729924000123,0.7651926213895699,0.008911889288660926,1.7,2.0,0.9486832980505138,411.9,417.0,18.94113688949707,0.5095757575757577,0.5115151515151515,0.02309895844926063,0.2516338374830154,0.25,0.008816401176530866,0.987857142857143,0.9857142857142858,0.006776309271789394
0.3,0.30000000000000004,5.851389114294502e-17,uncertainty_sampling,3.0,3.0,0.0,2.604,2.6751515151515153,0.2574273606983507,0.7571307550910863,0.7588281857474098,0.011933159647091586,1.3,1.0,1.4181364924121764,433.5,424.0,25.743391816585127,0.5333333333333334,0.5236363636363637,0.03124985460633457,0.2428157909435416,0.24643564388008582,0.010528842279942384,0.9907142857142857,0.9928571428571429,0.010129546374372692
0.39999999999999997,0.4,5.851389114294502e-17,uncertainty_sampling,3.0,3.0,0.0,2.753090909090909,2.9212121212121214,0.3862753262778402,0.758887058405975,0.7645801589539586,0.021989907281143327,1.1,1.0,1.523883926754995,432.8,417.0,57.05124402188303,0.5312727272727272,0.5121212121212121,0.06778745659414366,0.24473269067006925,0.2499975738127048,0.01988548503830341,0.9921428571428571,0.9928571428571429,0.0108848851911071
0.5,0.5,0.0,uncertainty_sampling,3.0,3.0,0.0,2.6290909090909094,2.629090909090909,0.3389159693526054,0.7604458327225374,0.7681889538988493,0.01956466615853761,1.1,1.0,1.1005049346146119,428.8,415.0,51.33939358166722,0.5264242424242424,0.5060606060606061,0.06077565496735136,0.24617452871335327,0.25158717768584293,0.018539904234871264,0.9921428571428571,0.9928571428571429,0.007860749532961507
0.6,0.6000000000000001,1.1702778228589004e-16,uncertainty_sampling,3.0,3.0,0.0,2.999757575757576,3.0,0.0005110751774008599,0.7431780325252288,0.7425476436123835,0.009792888331040788,1.8,2.0,1.2292725943057183,461.6,452.0,23.71216284244579,0.5704242424242425,0.5642424242424242,0.027706685886477976,0.23071425005459822,0.23260365741167788,0.008658978111321934,0.987142857142857,0.9857142857142858,0.008780518530755147
0.7000000000000001,0.7000000000000001,0.0,uncertainty_sampling,3.0,3.0,0.0,2.9996363636363634,3.0,0.0011499191491520751,0.7422991507606744,0.7426131317442208,0.01451580175974654,0.6,0.5,0.699205898780101,479.1,479.0,32.542109472019305,0.5843636363636364,0.5836363636363636,0.041114759225623625,0.22596520509492501,0.22554516889648718,0.0124541769439178,0.9957142857142859,0.9964285714285714,0.004994327848429275
0.0,0.0,0.0,,4.0,4.0,0.0,2.61709090909091,2.6036363636363635,0.06879243224965213,0.7318060627335674,0.7299504210665787,0.009817073121494824,8.1,8.0,1.8529256146249728,410.5,408.5,9.50146187582615,0.5466666666666666,0.5472727272727274,0.015009434845257958,0.24323242686885854,0.244157962532553,0.004619476217863251,0.9421428571428571,0.9428571428571428,0.013235182961606964
0.09999999999999999,0.1,1.4628472785736255e-17,uncertainty_sampling,4.0,4.0,0.0,2.8133333333333335,2.9272727272727272,0.26549174900342776,0.7746476460718597,0.7742207266681103,0.00983438493520533,2.0,2.0,1.632993161855452,383.6,379.5,21.93019227761885,0.47709090909090907,0.47515151515151516,0.024270690591610584,0.2649494501193726,0.26595657118912935,0.010120621067120387,0.9857142857142858,0.9857142857142858,0.01166423687039609
0.19999999999999998,0.2,2.925694557147251e-17,uncertainty_sampling,4.0,4.0,0.0,2.439636363636364,2.4315151515151516,0.14034231620499882,0.7613417074788075,0.76371738838269,0.01555561442999983,1.6,1.5,1.2649110640673518,419.9,420.0,27.493231490273708,0.5186666666666666,0.5157575757575757,0.0378137353856767,0.24844645329797438,0.24844254177182837,0.012828689475957163,0.9885714285714287,0.9892857142857143,0.009035079029052517
0.3,0.30000000000000004,5.851389114294502e-17,uncertainty_sampling,4.0,4.0,0.0,2.7167272727272733,2.8448484848484847,0.4696534964132542,0.7559253835380947,0.764759535655058,0.026380788281886076,1.8,2.0,1.5491933384829668,432.0,416.5,66.36264009214823,0.5345454545454544,0.5109090909090909,0.08099574169319881,0.24470774654679972,0.2502382202516384,0.022456903584647782,0.9871428571428572,0.9857142857142858,0.011065666703449767
0.39999999999999997,0.4,5.851389114294502e-17,uncertainty_sampling,4.0,4.0,0.0,2.8880000000000003,2.8575757575757574,0.26818557322030145,0.7706303930048084,0.7713652609226571,0.008568188138658936,1.6,2.0,1.07496769977314,397.7,399.0,21.06102245064723,0.4917575757575758,0.49575757575757573,0.023732344190996346,0.25851159226658604,0.2569836277063183,0.009898722552072733,0.9885714285714287,0.9857142857142858,0.007678340712665291
0.5,0.5,0.0,uncertainty_sampling,4.0,4.0,0.0,3.4404848484848487,3.450909090909091,0.17789637917134024,0.7685820487051063,0.7694438311937408,0.007854183375118225,1.9,2.0,1.286683937707919,398.8,392.5,16.3149556474352,0.4949090909090909,0.4896969696969697,0.018717583275659724,0.25741552949042656,0.2608287788563505,0.007359718061681354,0.9864285714285714,0.9857142857142858,0.00919059955505657
0.6,0.6000000000000001,1.1702778228589004e-16,uncertainty_sampling,4.0,4.0,0.0,3.7375757575757573,3.7036363636363636,0.19649349324718302,0.7676031457193955,0.7685886734300758,0.006460375880113715,1.9,2.0,1.449137674618944,401.0,401.5,9.213516640723501,0.49757575757575756,0.49818181818181817,0.010193515807307372,0.25622048261595826,0.25457637693848184,0.0038422477291103225,0.9864285714285714,0.9857142857142858,0.010350983390135312
0.7000000000000001,0.7000000000000001,0.0,uncertainty_sampling,4.0,4.0,0.0,3.861818181818182,3.8975757575757575,0.14392234526006242,0.7745880302299534,0.7759097153370375,0.005895680118096145,1.3,1.0,0.6749485577105528,392.0,387.5,12.970050972229146,0.48303030303030303,0.47757575757575754,0.015366820408676055,0.26148513478220725,0.26326607479149855,0.006063616963159395,0.9907142857142859,0.9928571428571429,0.004821061126503963
0.0,0.0,0.0,,5.0,5.0,0.0,2.5909090909090913,2.612727272727273,0.062012634026463564,0.7398229180335423,0.7432969791739839,0.00791661263579822,6.4,6.0,1.776388345929897,412.2,412.5,6.069962474714687,0.5384242424242424,0.5357575757575758,0.008792869823828988,0.24478869841822876,0.24519146408951636,0.002379182768290749,0.9542857142857143,0.9571428571428572,0.012688488185213556
0.09999999999999999,0.1,1.4628472785736255e-17,uncertainty_sampling,5.0,5.0,0.0,2.9053333333333335,2.8612121212121213,0.3504567602748805,0.7704661530718193,0.7672536188660372,0.010717534353718037,3.0,3.0,2.0548046676563256,381.2,386.5,17.086706983955555,0.48024242424242425,0.47696969696969693,0.020232703970759096,0.26460774166855866,0.2631008732703648,0.008221519638201506,0.9785714285714286,0.9785714285714286,0.014677176197545185
0.19999999999999998,0.2,2.925694557147251e-17,uncertainty_sampling,5.0,5.0,0.0,2.7072727272727275,2.7769696969696973,0.31551817572419705,0.7595926037841358,0.7573915650218204,0.011522697915616855,1.7,2.0,1.636391694484477,422.8,417.0,34.7876095438847,0.5227878787878788,0.5193939393939393,0.037092801606611575,0.24723888212809383,0.2488746884000878,0.013445584535223041,0.9878571428571428,0.9857142857142858,0.011688512103460552
0.3,0.30000000000000004,5.851389114294502e-17,uncertainty_sampling,5.0,5.0,0.0,2.8974545454545457,2.923636363636364,0.16363406906983335,0.7713589615844391,0.7748049052396879,0.010153793413547307,1.5,1.0,0.97182531580755,397.2,395.0,16.711938513795726,0.4905454545454546,0.4872727272727273,0.02316142013158927,0.2587699061729579,0.25915169597325377,0.008535191505732115,0.9892857142857142,0.9928571428571429,0.006941609398625371
0.39999999999999997,0.4,5.851389114294502e-17,uncertainty_sampling,5.0,5.0,0.0,3.2781818181818183,3.3151515151515154,0.21679638696406683,0.7703512989717279,0.7713553750139116,0.009752103356182061,1.4,1.0,1.2649110640673518,400.7,400.0,15.355418877024778,0.4941818181818182,0.4933333333333333,0.02093264666394373,0.2571873459516631,0.25718852594697494,0.0077351235553790015,0.99,0.9928571428571429,0.00903507902905252
0.5,0.5,0.0,uncertainty_sampling,5.0,5.0,0.0,3.636,3.586060606060606,0.24052525591883891,0.7703116332871366,0.7677436404057971,0.00873939582432832,1.2,1.0,1.0327955589886444,403.2,403.0,16.94304183630161,0.4959999999999999,0.49757575757575756,0.02107061990936581,0.2563150906799155,0.25627823567955305,0.008252919104699132,0.9914285714285714,0.9928571428571429,0.00737711113563317
0.6,0.6000000000000001,1.1702778228589004e-16,uncertainty_sampling,5.0,5.0,0.0,3.771878787878788,3.7703030303030305,0.17892540507589558,0.7727345950171018,0.7737227634416599,0.0058678920156196605,1.6,2.0,0.8432740427115679,392.7,394.5,12.570247058475465,0.4856969696969696,0.4872727272727273,0.014568444233722513,0.2607171316106309,0.2598499061913696,0.005979984054691459,0.9885714285714287,0.9857142857142858,0.006023386019368341
0.7000000000000001,0.7000000000000001,0.0,uncertainty_sampling,5.0,5.0,0.0,4.321575757575758,4.325454545454546,0.12333104176429809,0.7721585845652102,0.7715886151852155,0.006213600172343399,1.7,1.0,1.2516655570345725,392.8,393.0,10.664583129843066,0.4864242424242424,0.4872727272727273,0.011986456323296174,0.26048485199178745,0.26058836023789295,0.0047578184943531865,0.987857142857143,0.9928571428571429,0.008940468264532663
0.0,0.0,0.0,,6.0,6.0,0.0,2.6139393939393933,2.6024242424242425,0.06080036193835948,0.7350194243035573,0.7337365357572034,0.008157506679468305,7.4,7.0,1.837873166945363,411.4,410.5,8.262364471909155,0.5435151515151515,0.5448484848484848,0.010288363496017302,0.24378035941883675,0.24417542177381252,0.003184459344178383,0.9471428571428572,0.95,0.013127665478181158
0.09999999999999999,0.1,1.4628472785736255e-17,uncertainty_sampling,6.0,6.0,0.0,2.3155151515151515,2.4878787878787882,0.36752224525193716,0.753120375868377,0.7564938945560808,0.018594771045438406,2.3,2.5,1.7669811040931427,431.6,419.5,46.84300018857317,0.5370909090909091,0.5224242424242425,0.055285514499349736,0.24311785347283815,0.24797862244963387,0.016957633933366457,0.9835714285714285,0.9821428571428572,0.012621293600665313
0.19999999999999998,0.2,2.925694557147251e-17,uncertainty_sampling,6.0,6.0,0.0,2.906060606060606,2.963030303030303,0.13490624117803005,0.7622942674129983,0.7616770940720305,0.007310914946739319,1.8,1.5,1.3984117975602022,414.8,418.0,15.031818105457354,0.5136969696969697,0.5157575757575757,0.016558756877976817,0.25005877096809975,0.2488762956504892,0.006272670434122669,0.9871428571428573,0.9892857142857143,0.009988655696858589
0.3,0.30000000000000004,5.851389114294502e-17,uncertainty_sampling,6.0,6.0,0.0,2.945333333333333,3.036363636363636,0.5329510261227396,0.7594209973277338,0.7664736329689184,0.025686332282741975,0.8,1.0,0.7888106377466155,435.9,410.0,70.33167454599986,0.5332121212121212,0.5042424242424242,0.0834486743874017,0.24463599645509762,0.2531976097970451,0.02355239906044843,0.9942857142857143,0.9928571428571429,0.005634361698190091
0.39999999999999997,0.4,5.851389114294502e-17,uncertainty_sampling,6.0,6.0,0.0,3.8021818181818183,3.8284848484848486,0.25302402460002377,0.7693726774408853,0.7705195031923384,0.006117609436269586,1.6,2.0,1.07496769977314,400.5,402.0,10.501322668015575,0.4951515151515151,0.4951515151515151,0.012664588297905031,0.2569002412632241,0.2562369920035053,0.004844845967884191,0.9885714285714287,0.9857142857142858,0.00767834071266529
0.5,0.5,0.0,uncertainty_sampling,6.0,6.0,0.0,3.8338181818181822,3.838181818181818,0.1632107696541152,0.7726768383808856,0.7718068492291372,0.006127046961187754,1.3,1.0,0.9486832980505138,396.4,395.5,10.532489417670133,0.4883636363636364,0.4903030303030303,0.013147775228914353,0.25928987569077516,0.2583956392798964,0.0050830412116439905,0.9907142857142859,0.9928571428571429,0.006776309271789382
0.6,0.6000000000000001,1.1702778228589004e-16,uncertainty_sampling,6.0,6.0,0.0,4.339030303030303,4.3527272727272734,0.12485312665033205,0.7790761267878825,0.7789661319073085,0.005666569507436033,1.1,1.0,0.9944289260117531,384.0,383.5,8.151346173758322,0.47212121212121205,0.47393939393939394,0.010539957544036832,0.26568698206661495,0.2653906611188165,0.004086191717909352,0.9921428571428571,0.9928571428571429,0.007103063757226807
0.7000000000000001,0.7000000000000001,0.0,uncertainty_sampling,6.0,6.0,0.0,4.804242424242425,4.8121212121212125,0.05111789790050803,0.7806291700744933,0.7813380771223822,0.005273578054878106,0.8,1.0,0.7888106377466155,384.0,381.5,6.9602043392737,0.47030303030303033,0.4684848484848485,0.010028019107871405,0.2660956220503089,0.2668584793584794,0.003715586336847729,0.9942857142857143,0.9928571428571429,0.005634361698190091
0.0,0.0,0.0,,7.0,7.0,0.0,2.597212121212121,2.612727272727273,0.06727011855287118,0.7351573357120538,0.7356090815784926,0.018263956779117015,7.1,7.0,3.2812599206199238,414.9,416.5,8.875058685251982,0.545939393939394,0.5466666666666666,0.02533690951511579,0.2426547934474145,0.2415998415998416,0.0069346056754925256,0.9492857142857144,0.95,0.0234375708615709
0.09999999999999999,0.1,1.4628472785736255e-17,uncertainty_sampling,7.0,7.0,0.0,2.4029090909090907,2.4472727272727273,0.2324234829815643,0.7588237554762827,0.7645766889764769,0.022121572252856044,1.6,1.0,1.3498971154211057,426.7,414.0,49.582815123342435,0.526909090909091,0.5103030303030303,0.06284627369165847,0.2463577615282948,0.25136939040462014,0.018547474150318176,0.9885714285714287,0.9928571428571429,0.009642122253007913
0.19999999999999998,0.2,2.925694557147251e-17,uncertainty_sampling,7.0,7.0,0.0,2.913333333333333,2.8824242424242423,0.21807648037026972,0.7670145314513027,0.768174584691818,0.006857442099933813,1.9,1.5,1.5238839267549946,402.4,399.5,12.851286144022923,0.4992727272727272,0.5,0.013357187110516812,0.2556129598402209,0.254863759749854,0.0053051286573632915,0.9864285714285714,0.9892857142857143,0.010884885191107108
0.3,0.30000000000000004,5.851389114294502e-17,uncertainty_sampling,7.0,7.0,0.0,3.3101818181818183,3.3436363636363637,0.20874734864366204,0.7674303002123074,0.7689946758148063,0.012490121027062694,1.8,2.0,1.6865480854231356,402.8,394.0,19.036806454865268,0.49915151515151523,0.4939393939393939,0.026487306206223343,0.25572768056380096,0.2580037664783427,0.009214273767589022,0.9871428571428572,0.9857142857142858,0.01204677203873669
0.39999999999999997,0.4,5.851389114294502e-17,uncertainty_sampling,7.0,7.0,0.0,3.881818181818182,3.9381818181818184,0.13193048352992712,0.7729225927015257,0.7722412294780355,0.005915737841591476,1.8,2.0,1.4757295747452437,389.8,391.0,9.126274644612053,0.4833939393939394,0.4818181818181818,0.008718289428209246,0.2617951214792068,0.26181133316179206,0.0035985126780650528,0.987142857142857,0.9857142857142858,0.01054092553389461
0.5,0.5,0.0,uncertainty_sampling,7.0,7.0,0.0,4.2991515151515145,4.332727272727272,0.13895442347358813,0.7769461591578896,0.7761065133585971,0.006423851193223069,0.9,1.0,0.8755950357709131,391.3,390.0,11.537860383200266,0.47975757575757577,0.4806060606060606,0.014475702563173919,0.26236333271970264,0.26277909602904603,0.00573175027858717,0.9935714285714287,0.9928571428571429,0.0062542502555065
0.6,0.6000000000000001,1.1702778228589004e-16,uncertainty_sampling,7.0,7.0,0.0,4.856242424242423,4.823030303030303,0.11353348429389759,0.7777424767328113,0.778268524649371,0.0074642041761317016,1.3,1.0,1.3374935098492586,384.7,388.5,11.205653335110215,0.47418181818181815,0.47393939393939394,0.014063856584681393,0.2650987907207504,0.26421192338044336,0.005600300774860267,0.9907142857142859,0.9928571428571429,0.009553525070351853
0.7000000000000001,0.7000000000000001,0.0,uncertainty_sampling,7.0,7.0,0.0,5.4510303030303024,5.445454545454545,0.05394945617945545,0.7835338813688794,0.7839819514946418,0.004273217722454427,1.3,1.0,0.6749485577105528,371.5,373.0,6.222718234198156,0.4581818181818182,0.4593939393939394,0.008240839617927733,0.2718892443310428,0.2713902812587023,0.0034097140650452755,0.9907142857142859,0.9928571428571429,0.004821061126503963
0.0,0.0,0.0,,8.0,8.0,0.0,2.6504242424242426,2.6503030303030304,0.06670265328079919,0.7364835951293511,0.7404306161221417,0.013605736658243854,7.2,6.5,2.3475755815545347,410.4,411.0,7.848566748139433,0.5410909090909091,0.5357575757575758,0.01990242497141702,0.24452206613656524,0.24566313935334072,0.00568517154714848,0.9485714285714286,0.9535714285714285,0.016768397011103827
0.09999999999999999,0.1,1.4628472785736255e-17,uncertainty_sampling,8.0,8.0,0.0,2.617575757575758,2.5709090909090913,0.2168505965082858,0.7687422945721114,0.7698745368894909,0.012968533484288619,2.2,2.0,1.5491933384829668,395.0,394.5,23.07475773316904,0.4921212121212122,0.49272727272727274,0.029860745401053542,0.25907199157052957,0.258766254771301,0.011637981137350924,0.9842857142857145,0.9857142857142858,0.011065666703449767
0.19999999999999998,0.2,2.925694557147251e-17,uncertainty_sampling,8.0,8.0,0.0,3.0249696969696975,3.0212121212121215,0.1992678774181059,0.7711517205102009,0.7735288227649966,0.011391314910892823,2.1,2.0,1.3703203194062976,390.5,389.0,16.768025127207636,0.48606060606060614,0.4806060606060606,0.024066703211047164,0.26121662726332023,0.2625702640923533,0.008900403434856452,0.985,0.9857142857142858,0.009788002281473564
0.0,0.0,0.0,,1.0,1.0,0.0,0.9997575757575758,1.0,0.0005110751774009535,0.6542678204569927,0.6550256892206975,0.008145926722710832,5.3,5.0,1.636391694484477,664.1,663.0,4.3576242252962665,0.8370909090909091,0.8363636363636364,0.013157084268263987,0.16863227750068682,0.16875889472424782,0.00226933783844342,0.9621428571428572,0.9642857142857143,0.011688512103460554
0.09999999999999999,0.1,1.4628472785736255e-17,random_sampling,1.0,1.0,0.0,1.0,1.0,0.0,0.6802837762249527,0.6805434164026951,0.0036790637641517174,0.8,0.0,1.1352924243950935,647.1,650.5,23.177815063355546,0.7892121212121213,0.7884848484848485,0.022007780761344024,0.1771485836986251,0.17710487066399525,0.004252933901213714,0.9942857142857143,1.0,0.008109231602822092
0.19999999999999998,0.2,2.925694557147251e-17,random_sampling,1.0,1.0,0.0,0.999878787878788,1.0,0.00038330638305071504,0.6838702866996466,0.6845608266746351,0.005283259460244868,0.5,0.0,0.7071067811865476,640.5,635.0,21.629455225070586,0.7793939393939394,0.7727272727272727,0.023203319620785832,0.1789581807278003,0.1801159968258414,0.00441461241669277,0.9964285714285716,1.0,0.005050762722761035
0.3,0.30000000000000004,5.851389114294502e-17,random_sampling,1.0,1.0,0.0,0.9986666666666666,1.0,0.00276701311810328,0.6790960907814978,0.677512930977546,0.005954160490408505,0.6,0.0,0.8432740427115678,653.5,655.0,24.01504158277104,0.7957575757575759,0.8006060606060605,0.025682798964218552,0.17594918098909584,0.17498387797060364,0.005030025030538479,0.9957142857142858,1.0,0.00602338601936832
0.39999999999999997,0.4,5.851389114294502e-17,random_sampling,1.0,1.0,0.0,0.9997575757575758,1.0,0.0005110751774009535,0.6799214040788779,0.6781784904640087,0.00610934391300905,0.3,0.0,0.4830458915396479,655.1,658.5,19.734065301739864,0.7958787878787879,0.8,0.02301399387082431,0.17586336494017427,0.175056055223843,0.00428464659030073,0.9978571428571428,1.0,0.003450327796711759
0.5,0.5,0.0,random_sampling,1.0,1.0,0.0,0.998909090909091,1.0,0.002317516024193952,0.6775923152971292,0.6760020890455674,0.00516469782231178,0.1,0.0,0.31622776601683794,664.9,671.0,19.638114867663738,0.8065454545454545,0.8133333333333334,0.021924172035842047,0.17392504112326096,0.1726266496381439,0.004170326016665808,0.9992857142857143,1.0,0.00225876975726312
0.6,0.6000000000000001,1.1702778228589004e-16,random_sampling,1.0,1.0,0.0,0.9996363636363637,1.0,0.0011499191491521452,0.6903716183681341,0.6890555934029373,0.0036191553620242853,0.5,0.0,0.97182531580755,621.2,626.5,16.771669233826692,0.7559999999999999,0.7606060606060606,0.016182309983825277,0.18345114450025837,0.18248335055885997,0.003334318349482446,0.9964285714285713,1.0,0.006941609398625364
0.7000000000000001,0.7000000000000001,0.0,random_sampling,1.0,1.0,0.0,0.9996363636363637,1.0,0.0008181194638915847,0.689586846422701,0.6881203296448796,0.004985607976473198,0.7,0.5,0.9486832980505138,620.8,620.5,13.798550648528272,0.7567272727272727,0.7551515151515151,0.015332787682762744,0.1833133175983472,0.18355289469538133,0.003063438096772408,0.9949999999999999,0.9964285714285714,0.00677630927178939
0.0,0.0,0.0,,2.0,2.0,0.0,1.9990303030303032,1.9993939393939395,0.0012518734048347288,0.6940319133500785,0.6964673897627809,0.007413555798481001,6.5,6.0,1.8408935028645435,530.0,528.5,8.856886837057615,0.6818181818181819,0.6854545454545454,0.009633631529346565,0.20121987924821116,0.20060385831737443,0.0021877924649450434,0.9535714285714286,0.9571428571428572,0.01314923930617531
0.09999999999999999,0.1,1.4628472785736255e-17,random_sampling,2.0,2.0,0.0,1.999878787878788,2.0,0.00038330638305071504,0.7325432928688943,0.7343561110829975,0.011182995031523906,1.4,1.5,0.966091783079296,493.7,486.0,21.359619222573546,0.6069090909090908,0.5993939393939394,0.029102410745378726,0.21942657563557408,0.22168689000944503,0.007753742205007607,0.9899999999999999,0.9892857142857143,0.006900655593423538
0.19999999999999998,0.2,2.925694557147251e-17,random_sampling,2.0,2.0,0.0,1.999878787878788,2.0,0.0003833063830507151,0.7272669872674223,0.7288935500786574,0.01184438847118421,2.8,3.0,1.3165611772087666,489.7,483.0,31.194906991722576,0.6105454545454546,0.6096969696969696,0.03636834986286539,0.21931713616688658,0.21972985318107668,0.010373217373782573,0.9799999999999999,0.9785714285714285,0.009404008408634063
0.3,0.30000000000000004,5.851389114294502e-17,random_sampling,2.0,2.0,0.0,2.0,2.0,0.0,0.7350941284243526,0.7363473240755188,0.007692986726650163,1.5,2.0,0.7071067811865476,485.8,487.0,21.76031045530167,0.597939393939394,0.5993939393939394,0.024887380250748218,0.22208329334378357,0.22142364217252397,0.007443486614326904,0.9892857142857144,0.9857142857142858,0.005050762722761035
0.39999999999999997,0.4,5.851389114294502e-17,random_sampling,2.0,2.0,0.0,1.999878787878788,2.0,0.00038330638305071504,0.7275539875463789,0.7246371578774291,0.011619860144548038,1.8,2.0,1.3165611772087666,501.6,503.5,24.76197802186965,0.618909090909091,0.6254545454545455,0.03095698408743023,0.2163113099744519,0.21406593406593405,0.009081767018113081,0.9871428571428572,0.9857142857142858,0.009404008408634057
0.5,0.5,0.0,random_sampling,2.0,2.0,0.0,1.9993939393939393,2.0,0.0010301049522409734,0.7164111296666513,0.7170496942343618,0.009706595749904585,0.9,1.0,0.9944289260117533,542.8,539.5,26.17802301337687,0.6633939393939394,0.66,0.030898129699657276,0.20425107986179572,0.20486467112694412,0.007636756914462633,0.9935714285714287,0.9928571428571429,0.00710306375722681
0.6,0.6000000000000001,1.1702778228589004e-16,random_sampling,2.0,2.0,0.0,1.999030303030303,2.0,0.0021226546321719245,0.7170842295895554,0.7175809163514082,0.010086347570997606,0.4,0.0,0.5163977794943222,547.5,551.0,26.771668274917463,0.6660606060606061,0.6678787878787878,0.03240016098090584,0.203455524074857,0.2026053447264807,0.00809837502934251,0.9971428571428571,1.0,0.003688555567816574
0.7000000000000001,0.7000000000000001,0.0,random_sampling,2.0,2.0,0.0,2.0,2.0,0.0,0.7100436093792869,0.7104597635083942,0.006787641847433102,0.6,0.5,0.699205898780101,564.0,569.5,18.672618098881223,0.6872727272727273,0.6903030303030303,0.022011860156567642,0.19830419823124523,0.1973268597356261,0.005216715351813132,0.9957142857142859,0.9964285714285714,0.004994327848429275
0.0,0.0,0.0,,3.0,3.0,0.0,2.6126060606060606,2.62,0.06540764000858541,0.7390721072292684,0.7371592871919883,0.011966433762590269,6.8,6.5,2.0976176963403033,409.1,408.0,10.969148655306947,0.5370909090909091,0.5424242424242425,0.018929195907602555,0.24570273593699782,0.24443750836045836,0.005926688337812241,0.9514285714285714,0.9535714285714285,0.014982983545287872
0.09999999999999999,0.1,1.4628472785736255e-17,random_sampling,3.0,3.0,0.0,2.8830303030303033,2.9993939393939395,0.2023240139775215,0.7624741616630726,0.7641165454338076,0.010363600061123598,3.9,4.5,1.7919573407620817,389.0,387.0,20.35790864613663,0.49515151515151523,0.49272727272727274,0.02346393116482362,0.2595092723928119,0.26002859305356996,0.009415725202392033,0.9721428571428572,0.9678571428571429,0.012799695291157726
0.19999999999999998,0.2,2.925694557147251e-17,random_sampling,3.0,3.0,0.0,2.541818181818182,2.576363636363636,0.25197677810547925,0.761756029479266,0.7641263244650858,0.007826797129966983,2.5,2.5,1.2692955176439846,407.7,406.5,23.195066525257285,0.5093333333333333,0.5078787878787878,0.024274725954609895,0.25258308215355846,0.25281954887218044,0.009820292287574669,0.9821428571428573,0.9821428571428572,0.009066396554599912
0.3,0.30000000000000004,5.851389114294502e-17,random_sampling,3.0,3.0,0.0,2.814060606060606,2.8927272727272726,0.2011100304878405,0.7584990816608439,0.7609432002214855,0.014082035396557271,2.6,2.0,1.7763883459298968,414.3,409.0,18.809276671070815,0.517939393939394,0.5115151515151515,0.028729801420196304,0.24931890539989293,0.2511508756590626,0.009619288743215782,0.9814285714285713,0.9857142857142858,0.012688488185213552
0.39999999999999997,0.4,5.851389114294502e-17,random_sampling,3.0,3.0,0.0,2.590545454545455,2.6557575757575758,0.2737628226270866,0.7557724714704372,0.7567110687393519,0.005922207515154626,1.7,1.0,1.567021236472421,431.7,439.0,22.60801234567564,0.5335757575757576,0.5393939393939394,0.020930696883607734,0.24293177220802567,0.24007696782565893,0.008113971163219326,0.987857142857143,0.9928571428571429,0.011193008831945872
0.5,0.5,0.0,random_sampling,3.0,3.0,0.0,2.8423030303030306,2.8181818181818183,0.13106917509598046,0.766650476746721,0.7668856677970841,0.011711808801459457,1.9,1.5,1.66332999331662,403.4,406.0,18.614212013644007,0.5004848484848485,0.503030303030303,0.024791426647550897,0.25529460037201906,0.25366563012609566,0.009026765067511044,0.9864285714285714,0.9892857142857143,0.011880928523690146
0.6,0.6000000000000001,1.1702778228589004e-16,random_sampling,3.0,3.0,0.0,2.9980606060606063,3.0,0.0038838351000236027,0.7570408842423981,0.7591819580832152,0.007405104812522887,0.7,1.0,0.6749485577105528,440.9,438.0,18.021283713061806,0.5386666666666666,0.5339393939393939,0.021388969386751795,0.24028890447539436,0.24155782239493379,0.00713430911547919,0.9949999999999999,0.9928571428571429,0.004821061126503932
0.7000000000000001,0.7000000000000001,0.0,random_sampling,3.0,3.0,0.0,2.999878787878788,3.0,0.00038330638305064495,0.7389156423822638,0.7388633318420312,0.008896556099512766,1.3,1.0,1.3374935098492586,478.6,479.5,26.792204504710366,0.5880000000000001,0.5860606060606061,0.028839825540215802,0.22504083131788594,0.22536845209666012,0.008987209108043065,0.9907142857142859,0.9928571428571429,0.00955352507035186
0.0,0.0,0.0,,4.0,4.0,0.0,2.5985454545454543,2.6024242424242425,0.044067455319138395,0.7386852899531519,0.7427042361980317,0.01032267325395441,6.8,6.5,1.3984117975602022,410.1,407.5,11.039826890752307,0.5383030303030303,0.5309090909090909,0.019330282735374762,0.24526747272761468,0.24813422445001393,0.006202131723998957,0.9514285714285714,0.9535714285714285,0.009988655696858603
0.09999999999999999,0.1,1.4628472785736255e-17,random_sampling,4.0,4.0,0.0,2.9064242424242424,2.7248484848484846,0.3341425378310958,0.7626234433714268,0.763211091088938,0.009757753424025014,4.6,4.0,2.2211108331943574,380.1,384.5,21.635618780150477,0.48860606060606065,0.49272727272727274,0.021329736458332065,0.26302574011147795,0.25907668002691553,0.009809566147004393,0.9671428571428571,0.9714285714285714,0.015865077379959715
0.19999999999999998,0.2,2.925694557147251e-17,random_sampling,4.0,4.0,0.0,2.3219393939393935,2.2866666666666666,0.16928685411340935,0.7587032201310706,0.758442103736909,0.006996854578567068,2.5,2.0,1.9578900207451218,414.8,411.5,18.152440913307256,0.5179393939393939,0.5163636363636364,0.015794310974437255,0.2491455088420253,0.25091240875912413,0.006229626101323997,0.9821428571428573,0.9857142857142858,0.013984928719608035
0.3,0.30000000000000004,5.851389114294502e-17,random_sampling,4.0,4.0,0.0,2.940121212121212,2.8896969696969697,0.24419234015402494,0.7622762096928696,0.7645200510244758,0.007313277882381147,2.5,3.0,1.1785113019775793,406.4,412.0,16.97841767264154,0.5077575757575759,0.5084848484848485,0.018937818116261215,0.2530138563171806,0.25159052810812954,0.007500216686886692,0.9821428571428573,0.9785714285714285,0.008417937871268445
0.39999999999999997,0.4,5.851389114294502e-17,random_sampling,4.0,4.0,0.0,2.771030303030303,2.790909090909091,0.16673945150838607,0.763772687439676,0.7652106580678009,0.008579818677927082,1.6,1.0,1.6465452046971292,413.7,410.5,14.453373308677804,0.5111515151515151,0.509090909090909,0.01698940654350647,0.2508098132503463,0.25136117945829506,0.005971002742156666,0.9885714285714287,0.9928571428571429,0.011761037176408067
0.5,0.5,0.0,random_sampling,4.0,4.0,0.0,3.3943030303030306,3.3981818181818184,0.1550600003672989,0.770379746664194,0.7679582574162366,0.009098524229352924,1.9,2.0,1.5238839267549948,394.6,395.0,15.500537625084705,0.4898181818181818,0.49696969696969695,0.01895505076745984,0.25942997301471626,0.2575187969924812,0.007426031128034611,0.9864285714285714,0.9857142857142858,0.01088488519110711
0.6,0.6000000000000001,1.1702778228589004e-16,random_sampling,4.0,4.0,0.0,3.7197575757575763,3.7303030303030305,0.13016849996768962,0.7693625069928247,0.7703042743479303,0.0064048403270307004,1.5,2.0,0.7071067811865476,401.8,399.0,16.824585185574907,0.4961212121212122,0.4915151515151515,0.018908486565495704,0.25654577625409514,0.25819086823203263,0.007320947097046846,0.9892857142857144,0.9857142857142858,0.005050762722761035
0.7000000000000001,0.7000000000000001,0.0,random_sampling,4.0,4.0,0.0,3.9158787878787877,3.8975757575757575,0.0601795090445746,0.7694954361116838,0.771370379377432,0.008349660364241862,2.2,2.0,1.4757295747452437,393.0,392.5,7.241853660800143,0.48969696969696974,0.48848484848484847,0.012853312097443937,0.2596471739275554,0.25992738500243007,0.004156014393521922,0.9842857142857143,0.9857142857142858,0.010540925533894612
0.0,0.0,0.0,,5.0,5.0,0.0,2.6178181818181816,2.6163636363636362,0.05632575389628169,0.7359609649601346,0.7337839285801258,0.010746627488150865,7.4,7.5,2.2211108331943574,409.1,407.0,9.734817238483044,0.5407272727272726,0.543030303030303,0.014617665870252237,0.2448330929497792,0.2446103576698756,0.004414819743909962,0.9471428571428572,0.9464285714285714,0.015865077379959687
0.09999999999999999,0.1,1.4628472785736255e-17,random_sampling,5.0,5.0,0.0,2.8488484848484847,2.741212121212121,0.409262036785232,0.7704732188788302,0.7694437345600136,0.009811357305894691,2.9,2.0,2.1832697191750423,382.5,383.5,29.85241475436563,0.4812121212121211,0.47696969696969693,0.028933355620150557,0.2645581893139791,0.2635101137164134,0.013173531730744138,0.9792857142857143,0.9857142857142858,0.015594783708393171
0.19999999999999998,0.2,2.925694557147251e-17,random_sampling,5.0,5.0,0.0,2.6686060606060606,2.703030303030303,0.2168520644949615,0.76131218005525,0.7554457884078595,0.012820076982839856,1.8,1.5,1.3984117975602022,417.4,412.0,25.902380842952127,0.5168484848484848,0.5206060606060606,0.03221294315589024,0.24921562789710544,0.2488648451003856,0.01165681435908845,0.987142857142857,0.9892857142857143,0.009988655696858601
0.3,0.30000000000000004,5.851389114294502e-17,random_sampling,5.0,5.0,0.0,2.8636363636363638,2.901818181818182,0.1291719762527299,0.7671365709028211,0.7690164988215127,0.008209237567642531,1.8,1.0,1.8737959096740262,403.3,405.0,13.46641913963933,0.4997575757575758,0.49696969696969695,0.014101531060389064,0.2553305307649861,0.2555147058823529,0.005435766800235657,0.9871428571428572,0.9928571428571429,0.013384256497671611
0.39999999999999997,0.4,5.851389114294502e-17,random_sampling,5.0,5.0,0.0,3.303272727272727,3.3103030303030305,0.15500287492684847,0.7669356843681643,0.7658016054256165,0.00974574825223756,2.1,2.0,1.1972189997378646,400.3,398.0,16.330271821919492,0.49793939393939396,0.49757575757575756,0.02175674102485128,0.25643479049716184,0.2567687736697843,0.008059681073711578,0.985,0.9857142857142858,0.008551564283841908
0.5,0.5,0.0,random_sampling,5.0,5.0,0.0,3.7443636363636363,3.6987878787878787,0.13406161676666759,0.7663901196819678,0.7679202978070605,0.016379247434759214,2.0,1.0,2.6246692913372702,402.8,401.0,17.542329757855235,0.5003636363636363,0.49393939393939396,0.0283968840216774,0.2554119250124972,0.25691938241120127,0.009516065704311058,0.9857142857142858,0.9928571428571429,0.018747637795266225
0.6,0.6000000000000001,1.1702778228589004e-16,random_sampling,5.0,5.0,0.0,3.9227878787878785,3.9242424242424243,0.12603088227660558,0.7774634872717769,0.7754562340260513,0.0063574409855887345,0.8,1.0,0.6324555320336759,391.3,390.0,10.18768319535354,0.4791515151515152,0.4818181818181818,0.01417082079571551,0.2624833833999854,0.2620617803746348,0.005403986262972046,0.9942857142857143,0.9928571428571429,0.00451753951452624
0.7000000000000001,0.7000000000000001,0.0,random_sampling,5.0,5.0,0.0,4.472969696969697,4.472121212121213,0.10665258554133986,0.7730613098310759,0.7724748890269213,0.006919559781765828,2.1,2.0,0.7378647873726218,386.0,380.0,12.866839377079188,0.4806060606060606,0.4757575757575757,0.01647424891949503,0.2633583541013636,0.26628422691005804,0.006508048549588392,0.985,0.9857142857142858,0.005270462766947325
0.0,0.0,0.0,,6.0,6.0,0.0,2.6443636363636367,2.628484848484849,0.06251851271584119,0.7402841492855139,0.7415615061044424,0.00782642511039664,6.8,6.5,1.5491933384829668,406.1,407.5,5.762908216439952,0.5334545454545455,0.5357575757575758,0.010465348441803862,0.2470038085778219,0.24630026579782216,0.003053553765240826,0.9514285714285714,0.9535714285714285,0.011065666703449772
0.09999999999999999,0.1,1.4628472785736255e-17,random_sampling,6.0,6.0,0.0,2.325333333333333,2.3115151515151515,0.19858427612222335,0.7624355749770537,0.7613492228227093,0.005418126811891362,1.5,1.0,0.97182531580755,418.1,417.0,14.003570973148241,0.515878787878788,0.5145454545454545,0.014858582425203362,0.24896208423127417,0.24933400311122633,0.005709777195892957,0.9892857142857142,0.9928571428571429,0.006941609398625371
0.19999999999999998,0.2,2.925694557147251e-17,random_sampling,6.0,6.0,0.0,2.80230303030303,2.8575757575757574,0.18668017791846736,0.7590941356946396,0.7605320867959372,0.014975142885452566,2.5,1.5,2.223610677354389,414.1,410.5,22.4966664197165,0.517090909090909,0.5157575757575757,0.030750633639615176,0.2496397456599702,0.2506880733944954,0.01075805873538408,0.982142857142857,0.9892857142857143,0.015882933409674223
0.3,0.30000000000000004,5.851389114294502e-17,random_sampling,6.0,6.0,0.0,3.2152727272727275,3.20969696969697,0.09418943588136534,0.7673635943462516,0.7675288611915501,0.008250555076028152,1.4,1.5,0.9660917830792959,407.7,405.5,15.649281133649557,0.5026666666666666,0.5048484848484849,0.019777767460093677,0.253893959746957,0.2539339599476154,0.007464126924788221,0.99,0.9892857142857143,0.006900655593423538
0.39999999999999997,0.4,5.851389114294502e-17,random_sampling,6.0,6.0,0.0,3.6883636363636363,3.6369696969696967,0.1320964360669494,0.7699812149774306,0.7703057144085652,0.005944671156802933,1.4,2.0,0.8432740427115679,401.5,397.5,12.066942906598635,0.4951515151515151,0.4903030303030303,0.014401645996461914,0.25672808604695596,0.25863620195426107,0.005526422000693356,0.99,0.9857142857142858,0.006023386019368321
0.5,0.5,0.0,random_sampling,6.0,6.0,0.0,3.882545454545455,3.876363636363636,0.11378232601102127,0.7734145978883251,0.770509977827051,0.007386173374151914,1.2,1.0,0.9189365834726815,395.9,397.5,9.859569519563777,0.4871515151515151,0.49696969696969695,0.01482833787455722,0.2596673148136359,0.2570121866003298,0.005391979125220129,0.9914285714285714,0.9928571428571429,0.006563832739090582
0.6,0.6000000000000001,1.1702778228589004e-16,random_sampling,6.0,6.0,0.0,4.450181818181818,4.484242424242424,0.08339730632933831,0.7745780159572442,0.7752589658910745,0.003719106226985921,1.6,2.0,0.6992058987801011,388.4,389.5,9.070097390142328,0.48048484848484857,0.4824242424242424,0.009530558630072261,0.2627828305686353,0.2616116094531654,0.0041459727815369805,0.9885714285714287,0.9857142857142858,0.0049943278484292745
0.7000000000000001,0.7000000000000001,0.0,random_sampling,6.0,6.0,0.0,5.020727272727273,5.029696969696969,0.05068557635303916,0.7789201334928901,0.7783420411715753,0.00552573831549544,1.5,2.0,1.1785113019775793,379.6,378.0,7.12117343638751,0.46921212121212125,0.4696969696969697,0.008464622357189457,0.2673590940797152,0.26725095387405085,0.003310567665955456,0.9892857142857144,0.9857142857142858,0.008417937871268424
0.0,0.0,0.0,,7.0,7.0,0.0,2.6349090909090913,2.649090909090909,0.050525410037759476,0.7388591837273535,0.7374495769382134,0.011565855382826645,6.8,6.5,2.043961295567452,409.6,410.0,7.58946638440411,0.5376969696969696,0.5387878787878788,0.016855798620897484,0.24543281710375334,0.24449849043944985,0.0049136707071410725,0.9514285714285714,0.9535714285714285,0.014599723539767538
0.09999999999999999,0.1,1.4628472785736255e-17,random_sampling,7.0,7.0,0.0,2.4647272727272727,2.5569696969696967,0.2059498216752234,0.7657968906853057,0.763503698436142,0.008690108889524229,1.5,1.5,0.8498365855987975,410.2,411.5,14.823404916999783,0.5063030303030304,0.5115151515151515,0.02012145551757376,0.2525866429697593,0.25137366310160425,0.0073626503212093795,0.9892857142857142,0.9892857142857143,0.006070261325705696
0.19999999999999998,0.2,2.925694557147251e-17,random_sampling,7.0,7.0,0.0,2.905818181818182,2.8515151515151516,0.14669176399900674,0.7689812284740647,0.7688061328935339,0.00541280207174155,1.6,1.5,1.2649110640673518,401.4,404.5,12.438292129995626,0.4962424242424242,0.5006060606060606,0.01217764640361328,0.25649697394628224,0.2543651623611008,0.005107467910995165,0.9885714285714287,0.9892857142857143,0.009035079029052517
0.3,0.30000000000000004,5.851389114294502e-17,random_sampling,7.0,7.0,0.0,3.3630303030303033,3.367272727272727,0.11913677889082432,0.769205167458736,0.7705041063126167,0.008572489601188577,1.4,1.0,1.4298407059684812,403.3,404.0,10.022751895340699,0.4973333333333333,0.49636363636363634,0.015075093466244862,0.2558427867105757,0.25600656006560063,0.005251129281141812,0.99,0.9928571428571429,0.01021314789977486
0.39999999999999997,0.4,5.851389114294502e-17,random_sampling,7.0,7.0,0.0,3.922666666666666,3.910909090909091,0.09752835705869506,0.7701609663168985,0.7673012622147808,0.008561087838039199,1.9,2.0,1.3703203194062978,395.1,399.5,13.649989824986031,0.49042424242424243,0.49757575757575756,0.017473988422820875,0.2591476429508002,0.2557692570056482,0.006694532367188431,0.9864285714285714,0.9857142857142858,0.009788002281473569
0.5,0.5,0.0,random_sampling,7.0,7.0,0.0,4.425818181818181,4.431515151515152,0.057154367928343205,0.7718565636673823,0.7709546717504359,0.011049459726493955,1.9,2.0,1.5238839267549948,391.2,388.0,13.070747662029301,0.48569696969696985,0.48424242424242425,0.020768227009964887,0.26105738472669526,0.2616608362485424,0.007378351489788194,0.9864285714285714,0.9857142857142858,0.01088488519110711
0.6,0.6000000000000001,1.1702778228589004e-16,random_sampling,7.0,7.0,0.0,5.058909090909091,5.050303030303031,0.0510825967492237,0.7767739657485258,0.778308634747036,0.005256089812617204,1.4,1.0,1.1737877907772674,385.7,385.0,7.8180702364600325,0.476,0.4763636363636364,0.008495423904888,0.2643945669148403,0.26406044391453226,0.0034111466422665922,0.99,0.9928571428571429,0.008384198505551907
0.7000000000000001,0.7000000000000001,0.0,random_sampling,7.0,7.0,0.0,5.587757575757576,5.565454545454545,0.05650920704242105,0.7836855023481041,0.7832099897958132,0.005007426261497801,1.1,1.5,0.9944289260117533,373.5,373.5,6.916164640415476,0.4593939393939393,0.4593939393939394,0.008455939206649029,0.2711159367209744,0.2705316535103769,0.00346073427508879,0.9921428571428572,0.9892857142857143,0.007103063757226784
0.0,0.0,0.0,,8.0,8.0,0.0,2.619636363636364,2.6145454545454547,0.06998138426363643,0.7350608826323628,0.7329910277671472,0.007913850952493546,7.1,7.0,1.66332999331662,415.1,415.5,8.130190649671137,0.5461818181818183,0.5472727272727272,0.011185426406786787,0.24255235197924502,0.24277512211175956,0.003471591334086358,0.9492857142857142,0.95,0.011880928523690137
0.09999999999999999,0.1,1.4628472785736255e-17,random_sampling,8.0,8.0,0.0,2.492121212121212,2.4375757575757575,0.2662396335928664,0.76429258312937,0.7617728531855956,0.010773038195003718,2.2,2.0,2.2997584414213788,405.3,408.0,26.478712623959314,0.5046060606060606,0.5078787878787878,0.02687430639191505,0.25422293733772494,0.25137614678899084,0.011111177779545471,0.9842857142857142,0.9857142857142858,0.016426846010152717
0.19999999999999998,0.2,2.925694557147251e-17,random_sampling,8.0,8.0,0.0,2.959757575757576,2.9624242424242424,0.09728198871336739,0.7650590283368424,0.7681504612444366,0.01075077576703195,2.8,3.0,2.2997584414213788,396.1,397.5,11.713714658941932,0.4970909090909091,0.49272727272727274,0.015208780670679276,0.2573490545409507,0.25711683756071235,0.005213133261670935,0.9800000000000001,0.9785714285714285,0.016426846010152697
0.3,0.30000000000000004,5.851389114294502e-17,random_sampling,8.0,8.0,0.0,3.743757575757576,3.7648484848484847,0.1312045549563807,0.7665868930412868,0.7696569358619221,0.01035741143727889,1.9,1.5,1.1005049346146119,403.6,400.5,21.014280858501916,0.5007272727272727,0.4915151515151515,0.026162669141478453,0.25527353843384065,0.25767274851389893,0.009764562566030087,0.9864285714285715,0.9892857142857143,0.007860749532961534
0.39999999999999997,0.4,5.851389114294502e-17,random_sampling,8.0,8.0,0.0,4.25709090909091,4.274545454545455,0.11072985093355153,0.7701517558157198,0.7722550248601163,0.004201634686485312,2.1,2.0,0.9944289260117531,392.7,388.5,14.90749252333649,0.4887272727272727,0.4860606060606061,0.014087052801309249,0.26005698116388987,0.2614059817475377,0.006228493446204801,0.985,0.9857142857142858,0.007103063757226828
0.5,0.5,0.0,random_sampling,8.0,8.0,0.0,4.779151515151516,4.747272727272727,0.09320608755697124,0.7762351000992628,0.7758603356431109,0.006128470116193155,0.7,0.5,0.8232726023485646,395.3,394.0,8.692908987598264,0.4833939393939393,0.48424242424242425,0.012398182409057405,0.2606312624267642,0.26054380898173723,0.004601934022392674,0.9949999999999999,0.9964285714285714,0.005880518588204012
0.6,0.6000000000000001,1.1702778228589004e-16,random_sampling,8.0,8.0,0.0,5.408121212121212,5.401818181818181,0.062403121529085476,0.7795453770508842,0.7791479820627804,0.006367507161571136,1.4,1.0,0.8432740427115679,379.4,383.0,8.355969256897863,0.46836363636363637,0.4727272727272727,0.012403448148266591,0.2676321400887611,0.26583822099089277,0.004816578674327203,0.9900000000000002,0.9928571428571429,0.006023386019368344
0.7000000000000001,0.7000000000000001,0.0,random_sampling,8.0,8.0,0.0,5.954303030303031,5.952121212121212,0.03913168337825395,0.7808957939896637,0.7809847198641767,0.004484117314291806,1.4,2.0,0.8432740427115679,376.3,373.5,8.165646194746486,0.46460606060606063,0.4612121212121212,0.009285020789427221,0.26923293257395126,0.2706906360223006,0.003920346894489442,0.99,0.9857142857142858,0.00602338601936832
0.3,0.30000000000000004,5.851389114294502e-17,uncertainty_sampling,8.0,8.0,0.0,3.732727272727273,3.755757575757576,0.18157941673880834,0.7727610423118081,0.7730814404713185,0.00611804458453483,1.4,1.0,1.1737877907772674,395.0,398.0,11.88836966675134,0.4872727272727273,0.4903030303030303,0.013167006656000256,0.25985110501060993,0.2579443693245146,0.005435003056637216,0.9899999999999999,0.9928571428571429,0.00838419850555193
-1,0,0,objective_aware_sampling,1.0,1.0,0.0,0.9997575757575758,1.0,0.0005110751774009535,0.682661695703724,0.6824278569137372,0.0037956775347325806,0.1,0.0,0.31622776601683794,649.5,651.5,14.049515610471731,0.7878787878787878,0.7896969696969697,0.0157212739057323,0.17727117942894638,0.17687997829105945,0.002956071642172959,0.9992857142857143,1.0,0.00225876975726312
-1,0,0,objective_aware_sampling,2.0,2.0,0.0,1.9996363636363637,2.0,0.0008181194638915847,0.7016188815221682,0.7029877420278805,0.009600712944691264,0.5,0.5,0.5270462766947299,589.1,591.5,28.473964716327558,0.717090909090909,0.7169696969696969,0.033597119703968885,0.19172881411111659,0.19138764922667503,0.007544679749692471,0.9964285714285716,0.9964285714285714,0.0037646162621052
-1,0,0,objective_aware_sampling,3.0,3.0,0.0,2.9995151515151517,3.0,0.001171020343126345,0.7300188432022561,0.7278405303784776,0.0112886307141917,1.7,1.0,1.0593499054713802,496.5,495.5,27.113957045526693,0.6121212121212122,0.6157575757575757,0.03293363050071081,0.21821511448139946,0.21723742012779554,0.009287260240977641,0.987857142857143,0.9928571428571429,0.007566785039081303
-1,0,0,objective_aware_sampling,4.0,4.0,0.0,3.9378181818181814,3.952121212121212,0.08172619845013539,0.7692841383013971,0.7696607456969153,0.009349208584572761,1.5,1.5,1.0801234497346435,402.0,396.0,14.944341180973263,0.4963636363636363,0.49272727272727274,0.020651563939657454,0.2564218172500562,0.25870681110167093,0.00749670300751447,0.9892857142857142,0.9892857142857143,0.007715167498104602
-1,0,0,objective_aware_sampling,5.0,5.0,0.0,4.5,4.52,0.1083916986239192,0.7755496265278385,0.7746067385504606,0.007740669431252777,1.8,2.0,1.2292725943057181,383.8,383.0,9.223159256278006,0.47612121212121217,0.47757575757575754,0.01382975473790482,0.2648228243521106,0.2641705485873746,0.005095866112682934,0.987142857142857,0.9857142857142858,0.008780518530755147
-1,0,0,objective_aware_sampling,6.0,6.0,0.0,4.769454545454545,4.711515151515151,0.2538337332312425,0.7767908698115951,0.7748495008583063,0.006724916603588505,1.4,2.0,1.07496769977314,385.7,386.5,9.649985607358294,0.4760000000000001,0.48,0.012967745849023127,0.26442948779030867,0.2624037148320131,0.005013898096032406,0.99,0.9857142857142858,0.007678340712665277
-1,0,0,objective_aware_sampling,7.0,7.0,0.0,4.804121212121212,4.798787878787879,0.33618842161969187,0.7774931632998927,0.7767243274178283,0.005590203000707072,1.5,1.0,0.97182531580755,382.9,384.5,10.877601859887234,0.47321212121212125,0.4775757575757576,0.012403448148266605,0.26572726877598957,0.26381269592476486,0.0052523844179939005,0.9892857142857144,0.9928571428571429,0.006941609398625371
-1,0,0,objective_aware_sampling,8.0,8.0,0.0,4.719030303030303,4.757575757575758,0.16102599315762905,0.7725976753541348,0.7735462503849223,0.007617939095091065,2.1,2.0,1.5238839267549948,387.0,386.0,10.739335795724674,0.4818181818181818,0.48303030303030303,0.013033043326294388,0.2628011333095035,0.26218971631205673,0.005052839410013637,0.985,0.9857142857142858,0.010884885191107118
-1,0,0,uncertainty_sampling,1.0,1.0,0.0,0.999030303030303,0.9993939393939394,0.0014900273870372435,0.6849055180278953,0.6846763749679612,0.005718443543246899,0.2,0.0,0.42163702135578396,641.5,640.5,19.6143371598997,0.7787878787878788,0.7763636363636364,0.02243243093735971,0.17902944784933766,0.17940466613032985,0.004258320861062461,0.9985714285714286,1.0,0.0030116930096841603
-1,0,0,uncertainty_sampling,2.0,2.0,0.0,2.0,2.0,0.0,0.7065323027214915,0.7049347205196498,0.010386987631111372,0.4,0.0,0.5163977794943223,576.6,586.0,27.56890357711827,0.7013333333333334,0.7103030303030303,0.03374741276875666,0.19518574647273873,0.19283783142816485,0.00778817967056783,0.9971428571428571,1.0,0.003688555567816574
-1,0,0,uncertainty_sampling,3.0,3.0,0.0,2.9981818181818185,3.0,0.005337311035807273,0.7405386015359374,0.7426534438859377,0.014240485902727001,0.5,0.5,0.5270462766947299,484.9,484.0,37.28404484494675,0.5907878787878789,0.5866666666666667,0.044496571818301536,0.22413114292499464,0.22444197804908128,0.013324898585347845,0.9964285714285716,0.9964285714285714,0.0037646162621052
-1,0,0,uncertainty_sampling,4.0,4.0,0.0,3.9214545454545457,3.9484848484848483,0.08274013540683947,0.763519578468004,0.7607782590040848,0.011487306309119344,1.4,1.0,1.3498971154211057,416.9,416.5,21.661281382021496,0.5138181818181818,0.5175757575757576,0.027660984956549416,0.2498299644735557,0.24933105569753708,0.009617156265419534,0.99,0.9928571428571429,0.009642122253007902
-1,0,0,uncertainty_sampling,5.0,5.0,0.0,4.55490909090909,4.6054545454545455,0.13020611853029107,0.7796378375476982,0.7810744382022472,0.0059790179359553155,0.8,1.0,0.7888106377466155,386.3,385.0,11.479934184867476,0.4730909090909091,0.47090909090909094,0.014066758203599533,0.26500029112116524,0.2654805881500797,0.005695767500562126,0.9942857142857143,0.9928571428571429,0.005634361698190091
-1,0,0,uncertainty_sampling,6.0,6.0,0.0,4.795636363636364,4.80969696969697,0.17421611278431787,0.7764279262728706,0.7771896640665301,0.004294427335214594,1.4,2.0,1.0749676997731399,386.5,384.0,9.360080721399315,0.47696969696969693,0.47515151515151516,0.008745398311884174,0.26401210443747714,0.2653276955602537,0.0038952073974762324,0.99,0.9857142857142858,0.007678340712665277
-1,0,0,uncertainty_sampling,7.0,7.0,0.0,4.88169696969697,4.673333333333334,0.41999808571089514,0.7764681004824776,0.7761037037083223,0.00437139668073261,1.2,1.0,0.9189365834726815,388.8,391.0,10.086294331087773,0.4785454545454546,0.4806060606060606,0.010297879480936724,0.26315565382843215,0.2625586694171512,0.004511648564646744,0.9914285714285714,0.9928571428571429,0.0065638327390905825
-1,0,0,uncertainty_sampling,8.0,8.0,0.0,5.275030303030302,4.809090909090909,0.9020285859327368,0.7773987452183317,0.7812939151208544,0.009003942974425623,1.8,1.0,1.4757295747452437,379.6,378.5,15.130543061414992,0.471030303030303,0.4678787878787879,0.01861394452343068,0.2670911460046924,0.26860129049603443,0.007648193523571896,0.987142857142857,0.9928571428571429,0.010540925533894607
-1,0,0,random_sampling,1.0,1.0,0.0,0.9996363636363637,1.0,0.0005855101715632133,0.6826388805340421,0.6813202855599849,0.006251936236883485,0.4,0.0,0.6992058987801011,645.5,650.5,13.786063816606811,0.7848484848484849,0.7896969696969698,0.018251270269277135,0.17786357193301655,0.176885060627151,0.003432653860549013,0.9971428571428571,1.0,0.004994327848429275
-1,0,0,random_sampling,2.0,2.0,0.0,1.999757575757576,2.0,0.0007666127661014301,0.703086776819546,0.7036204637223343,0.00610510832067117,1.4,1.0,0.8432740427115678,572.8,571.5,15.795920711092185,0.7027878787878787,0.7018181818181818,0.018706678007091866,0.19490942464306457,0.19507092965357445,0.004201191324448081,0.9899999999999999,0.9928571428571429,0.006023386019368344
-1,0,0,random_sampling,3.0,3.0,0.0,2.999878787878788,3.0,0.00038330638305064506,0.7362520015891667,0.7372881548058297,0.008760732713057037,1.3,1.0,1.1595018087284057,485.3,482.0,17.448654835131432,0.5961212121212122,0.5909090909090909,0.022106586189268966,0.22242980859977385,0.22392925110316414,0.006360948363685434,0.9907142857142859,0.9928571428571429,0.008282155776631476
-1,0,0,random_sampling,4.0,4.0,0.0,3.9979393939393946,4.0,0.004950113340053869,0.76128048922518,0.7628867543279472,0.011436445944613863,2.3,2.0,1.636391694484477,411.2,411.5,12.656135973423238,0.5123636363636364,0.5145454545454546,0.021064808339807336,0.2509928678046597,0.2502151836233586,0.007010455615094379,0.9835714285714285,0.9857142857142858,0.011688512103460558
-1,0,0,random_sampling,5.0,5.0,0.0,4.590060606060606,4.586060606060606,0.061139203827568024,0.7752560944455098,0.7771881340406974,0.00669197210367647,1.2,1.0,1.0327955589886444,391.6,392.5,6.022181221672647,0.481939393939394,0.47878787878787876,0.011170822109650147,0.26172049717197154,0.2622182177937955,0.0037213185335276742,0.9914285714285714,0.9928571428571429,0.00737711113563317
-1,0,0,random_sampling,6.0,6.0,0.0,4.971151515151515,4.887272727272727,0.21177561071797157,0.7780326682030694,0.7778399552322328,0.00926480222057514,1.2,1.0,0.9189365834726815,385.3,384.0,12.25697080576328,0.4743030303030302,0.47454545454545455,0.019148702005383288,0.2649742031897281,0.26508319107939604,0.007087358641927843,0.9914285714285714,0.9928571428571429,0.0065638327390905825
-1,0,0,random_sampling,7.0,7.0,0.0,5.3,5.313333333333333,0.5459727429994626,0.7789637366862836,0.7787440065607729,0.006009158148398236,1.3,1.0,1.0593499054713802,381.9,380.0,10.289692793168209,0.4707878787878788,0.4715151515151515,0.012244490941333851,0.2665079436014069,0.26577437858508607,0.004985458476004017,0.9907142857142857,0.9928571428571429,0.0075667850390813
-1,0,0,random_sampling,8.0,8.0,0.0,5.666181818181818,5.689090909090909,0.775513892703243,0.7827647720204765,0.7819935215014113,0.007275032162728755,1.0,0.5,1.3333333333333333,376.8,373.5,13.23967102646017,0.4627878787878788,0.4636363636363636,0.01510484394426348,0.26962805732765366,0.26990291262135924,0.0064364122427293296,0.9928571428571429,0.9964285714285714,0.009523809523809518
