AL_switch_point_mean,AL_switch_point_median,AL_switch_point_std,active_learning_strategy,budget_per_item_mean,budget_per_item_median,budget_per_item_std,budget_spent_per_item_mean,budget_spent_per_item_median,budget_spent_per_item_std,f10_mean,f10_median,f10_std,fn_count_mean,fn_count_median,fn_count_std,fp_count_mean,fp_count_median,fp_count_std,loss_mean,loss_median,loss_std,precision_mean,precision_median,precision_std,recall_mean,recall_median,recall_std,screening_out_threshold
0.0,0.0,0.0,,1.0,1.0,0.0,1.0,1.0,0.0,0.856216139075357,0.8562082471496455,4.927858679894444e-05,0.0,0.0,0.0,4681.2,4681.5,1.8737959096740264,0.93624,0.9363,0.0003747591819348074,0.05567659878382999,0.05567322295663643,2.104533909172846e-05,1.0,1.0,0.0,0.99
0.1,0.1,1.4628472785736255e-17,random_sampling,1.0,1.0,0.0,1.0,1.0,0.0,0.6897553875025542,0.8576307168949944,0.3550121927618133,54.3,0.0,114.48634076701998,3749.9,4624.5,1811.2480933200611,0.80428,0.9249,0.24782316634604154,0.0478502689386104,0.056286326678841966,0.01883270634279912,0.8032608695652174,1.0,0.4148055824892029,0.99
0.2,0.2,2.925694557147251e-17,random_sampling,1.0,1.0,0.0,1.0,1.0,0.0,0.7784331367695174,0.8618999819604902,0.26476444823267936,27.1,0.0,84.99601297838754,4064.6,4461.0,1163.0475484691071,0.8400200000000002,0.8924,0.14800364710221015,0.05365714227183253,0.0581971695722346,0.015709635037465558,0.9018115942028984,1.0,0.3079565687622736,0.99
0.3,0.30000000000000004,5.851389114294502e-17,random_sampling,1.0,1.0,0.0,1.0,1.0,0.0,0.7840073201359186,0.8639033184464664,0.2519372298770873,25.8,0.0,81.23600734211945,4051.2,4387.0,1062.343196272592,0.83604,0.8774,0.13124619105584234,0.05506420930683272,0.05913233105402371,0.012972859100353307,0.9065217391304348,1.0,0.29433335993521553,0.99
0.4,0.4,5.851389114294502e-17,random_sampling,1.0,1.0,0.0,1.0,1.0,0.0,0.8664135591295941,0.8673304831084282,0.0017728610819103085,0.5,0.0,0.7071067811865476,4240.2,4245.5,25.301734679222644,0.8485399999999998,0.8496,0.004572429453923927,0.06101057592081821,0.0609850950493431,0.00025723495373894894,0.9981884057971016,1.0,0.002561981091255618,0.99
0.5,0.5,0.0,random_sampling,1.0,1.0,0.0,1.0,1.0,0.0,0.8700539672403422,0.8713973533836921,0.003368389735912922,0.5,0.0,0.97182531580755,4105.9,4104.5,31.54696674977027,0.82168,0.8209,0.006628021323643036,0.06288268646859027,0.0629426164702301,0.0005481958589611792,0.9981884057971012,1.0,0.003521106216694037,0.99
0.6,0.6000000000000001,1.1702778228589004e-16,random_sampling,1.0,1.0,0.0,1.0,1.0,0.0,0.8093259586785988,0.8698583313305832,0.1916702735991188,20.6,1.0,62.339928349867925,3876.6,4074.5,598.7015951206411,0.7959200000000001,0.8149,0.05757531878620675,0.06050523729371037,0.0633682228486966,0.00910714685329483,0.9253623188405796,0.9963768115942028,0.2258693056154635,0.99
0.7000000000000001,0.7000000000000001,0.0,random_sampling,1.0,1.0,0.0,1.0,1.0,0.0,0.874127640329583,0.8751452060173449,0.002057299551728798,0.5,0.0,0.7071067811865476,3956.8,3962.0,22.463798036445713,0.79186,0.7933,0.004260464241788172,0.06509599059070152,0.06503307801327718,0.0003195614630556147,0.9981884057971016,1.0,0.002561981091255618,0.99
0.7999999999999999,0.8,1.1702778228589004e-16,random_sampling,1.0,1.0,0.0,1.0,1.0,0.0,0.8749703192978441,0.8746240981258909,0.001864562266082899,0.9,1.0,0.5676462121975466,3880.4,3884.0,36.24055432492415,0.7769800000000001,0.7779,0.0071544547117318455,0.06620582822914223,0.06612166386150517,0.0005758646600715969,0.9967391304347826,0.9963768115942028,0.002056689174628801,0.99
0.9000000000000001,0.9,1.1702778228589004e-16,random_sampling,1.0,1.0,0.0,1.0,1.0,0.0,0.8604981522769345,0.8784547111714979,0.05326513672880027,6.2,0.0,18.213548070964464,3785.9,3844.5,195.03871410568726,0.7633800000000001,0.7689,0.021078994283409255,0.0664706238228605,0.06696591145504953,0.001243637521641268,0.9775362318840579,1.0,0.06599111619914662,0.99
1.0,1.0,0.0,random_sampling,1.0,1.0,0.0,0.9719999999999998,0.972,2.340555645717801e-16,0.09648287227603557,0.0219453900195553,0.1347555277165347,249.5,270.0,37.041268276822755,23.2,1.0,35.726740685374594,0.25414000000000003,0.2702,0.02999185815443178,0.3023462508724115,0.2514124293785311,0.3333447278113104,0.0960144927536232,0.021739130434782608,0.13420749375660418,0.99
0.0,0.0,0.0,,2.0,2.0,0.0,2.0,2.0,0.0,0.9297583585976305,0.9310186029386536,0.006948898904619889,6.2,6.0,1.9888578520235063,1438.7,1437.0,17.20497344116262,0.29394000000000003,0.2928,0.0043919623556371,0.15793142724493864,0.1585082123372687,0.0020560661744662024,0.9775362318840579,0.9782608695652174,0.0072060067102301265,0.99
0.1,0.1,1.4628472785736255e-17,random_sampling,2.0,2.0,0.0,2.0,2.0,0.0,0.5772354547088724,0.9099229672541501,0.4420602558220729,106.8,9.5,130.3941034794987,1282.4,1663.0,690.5259187347311,0.36328,0.3546,0.029879193801410076,0.09241827791133253,0.1183666436294644,0.05091766575004822,0.6130434782608696,0.9655797101449276,0.4724424039112273,0.99
0.2,0.2,2.925694557147251e-17,random_sampling,2.0,2.0,0.0,2.0,2.0,0.0,0.6636790158823362,0.9040196407074532,0.4095415306257022,80.6,8.5,121.09885768797876,1631.8,1806.0,459.3361877027906,0.40696,0.4072,0.043965117485974654,0.09348282218591657,0.11869405864494653,0.05176638732511293,0.7079710144927536,0.9692028985507246,0.43876397713035786,0.99
0.3,0.30000000000000004,5.851389114294502e-17,random_sampling,2.0,2.0,0.0,2.0,2.0,0.0,0.5869608312742765,0.906377263578776,0.4186468729627588,101.5,5.5,125.26172599800785,1919.0,2157.5,397.01721205341545,0.4853,0.4606,0.04749065405132067,0.07308954671759069,0.1063938222278184,0.0462283154029182,0.6322463768115943,0.980072463768116,0.4538468333261155,0.99
0.4,0.4,5.851389114294502e-17,random_sampling,2.0,2.0,0.0,2.0,2.0,0.0,0.6288315530734829,0.6342791727838636,0.2849416286967108,88.1,86.5,86.80943369114775,2257.8,2252.5,243.09705423508893,0.5396599999999999,0.5405,0.03884270845345365,0.0737437743366037,0.07398353280706221,0.02561527941625481,0.6807971014492753,0.6865942028985508,0.3145269336635788,0.99
0.5,0.5,0.0,random_sampling,2.0,2.0,0.0,2.0,2.0,0.0,0.7071774576925418,0.5965606071535385,0.16529016171654065,63.2,97.5,51.291758055699795,2534.6,2448.0,165.86286169269144,0.57012,0.5757,0.01986984314650386,0.07659910110774773,0.06829450482669046,0.012373820122363205,0.7710144927536231,0.6467391304347826,0.18583970310036155,0.99
0.6,0.6000000000000001,1.1702778228589004e-16,random_sampling,2.0,2.0,0.0,2.0,2.0,0.0,0.8376092974488838,0.8230922198008579,0.03410173812899404,21.8,26.0,10.601886624558858,2796.5,2780.5,48.46361751068756,0.5811,0.5803,0.011032980860432352,0.08331721456261762,0.0821632964415526,0.00289605506142012,0.9210144927536236,0.9057971014492754,0.038412632697677,0.99
0.7000000000000001,0.7000000000000001,0.0,random_sampling,2.0,2.0,0.0,2.0,2.0,0.0,0.8388730162321556,0.9026365145745674,0.20076550261922116,21.1,1.0,63.21822873542443,2667.6,2896.0,715.0841753092973,0.55462,0.5802,0.07996818534058821,0.08865901784320146,0.08672314945795298,0.006059804782657032,0.9235507246376812,0.9963768115942028,0.2290515533892189,0.99
0.7999999999999999,0.8,1.1702778228589004e-16,random_sampling,2.0,2.0,0.0,2.0,2.0,0.0,0.8420079838646122,0.9035523291602942,0.1945273580437436,20.7,2.0,60.56227281805803,2661.3,2797.5,455.41898901512167,0.5529599999999999,0.5609999999999999,0.031019678342053186,0.08593741833701155,0.088562762202712,0.010169253771422576,0.925,0.9927536231884058,0.21942852470310875,0.99
0.9000000000000001,0.9,1.1702778228589004e-16,random_sampling,2.0,2.0,0.0,2.0,2.0,0.0,0.8705665844710495,0.9057409814435228,0.10806243316838196,12.2,1.0,34.398966392740476,2709.5,2789.0,252.0322951087376,0.5541,0.5589999999999999,0.016578768215870437,0.08837645392325813,0.08970806258145968,0.004159017470778341,0.9557971014492752,0.9963768115942028,0.12463393620558146,0.99
1.0,1.0,0.0,random_sampling,2.0,2.0,0.0,1.9920000000000004,1.992,4.681111291435602e-16,0.001829537797740345,0.0,0.00310962324397358,275.5,276.0,0.8498365855987975,0.4,0.0,0.6992058987801011,0.27558000000000005,0.276,0.0008080154013933742,0.2,0.0,0.3583225665910467,0.0018115942028985507,0.0,0.0030791180637637586,0.99
0.0,0.0,0.0,,3.0,3.0,0.0,3.0,3.0,0.0,0.9592754971088348,0.9599679201300488,0.007999239444617577,9.5,9.5,2.2236106773543893,192.7,194.0,16.951237254089875,0.04804,0.0481,0.004207717776763181,0.5810860017190729,0.5792203147353362,0.022525287041935637,0.9655797101449274,0.9655797101449276,0.008056560425197055,0.99
0.1,0.1,1.4628472785736255e-17,random_sampling,3.0,3.0,0.0,3.0,3.0,0.0,0.9039304836331415,0.940729534093337,0.09180462167115128,25.1,15.0,26.37107000736476,173.0,165.5,96.59997699562643,0.0597,0.0578,0.01259744242120422,0.6286344899808021,0.6086010897105316,0.14534984578805954,0.9090579710144928,0.9456521739130436,0.09554735509914768,0.99
0.2,0.2,2.925694557147251e-17,random_sampling,3.0,3.0,0.0,3.0,3.0,0.0,0.911846272704171,0.900981984045044,0.05077444606599032,21.5,25.5,14.886608448908405,331.1,352.5,88.28168301270405,0.08771999999999999,0.0911,0.0119704079574034,0.4427937494830981,0.42494470385844185,0.05672190302398224,0.9221014492753624,0.9076086956521741,0.053936987133726105,0.99
0.3,0.30000000000000004,5.851389114294502e-17,random_sampling,3.0,3.0,0.0,3.0,3.0,0.0,0.9420989503216448,0.9524263722095788,0.028504777862248563,12.3,9.0,8.083591061183418,406.6,414.0,38.22215762268443,0.09362000000000001,0.0939,0.010446243343901191,0.3945034866074005,0.3903179521753599,0.023664564837355174,0.9554347826086956,0.9673913043478259,0.02928837341008486,0.99
0.4,0.4,5.851389114294502e-17,random_sampling,3.0,3.0,0.0,3.0,3.0,0.0,0.8784961756775566,0.9502218357762352,0.16469676415232745,28.9,8.0,46.943109777213905,544.4,595.0,110.95664819098394,0.13778,0.1323,0.04010258512033026,0.3136783609184739,0.30366974288111337,0.04782104965816311,0.8952898550724638,0.9710144927536232,0.17008373107686198,0.99
0.5,0.5,0.0,random_sampling,3.0,3.0,0.0,3.0,3.0,0.0,0.8909790657611941,0.9515356657246108,0.18432907293709308,23.4,5.5,53.417017679553936,726.7,810.0,244.5962886972009,0.16874,0.1698,0.00817804649316965,0.2980247643432821,0.2513865363540308,0.14719680582048975,0.9152173913043476,0.980072463768116,0.19353991912881865,0.99
0.6,0.6000000000000001,1.1702778228589004e-16,random_sampling,3.0,3.0,0.0,3.0,3.0,0.0,0.9058105967377084,0.9515019982884222,0.10955699433609883,18.8,5.5,31.98193934777009,808.1,843.5,92.73792224447465,0.18042,0.1759,0.015287598459753797,0.24127226474527586,0.2409473920386909,0.007190870206466036,0.9318840579710144,0.980072463768116,0.1158765918397467,0.99
0.7000000000000001,0.7000000000000001,0.0,random_sampling,3.0,3.0,0.0,3.0,3.0,0.0,0.6032147845028955,0.39890662854013575,0.29645264767780793,105.1,165.0,86.28048575559956,669.6,502.0,312.61271744942036,0.23901999999999995,0.2437,0.026854083074604837,0.20163204724313635,0.2069303888431841,0.019578207744057604,0.6192028985507247,0.4021739130434783,0.3126104556362304,0.99
0.7999999999999999,0.8,1.1702778228589004e-16,random_sampling,3.0,3.0,0.0,3.0,3.0,0.0,0.7074111361854044,0.7073790458936347,0.024438568958575883,73.7,74.0,7.242620765686656,1079.8,1076.0,41.843093151014116,0.2896599999999999,0.2897,0.006158679512146526,0.15783531604864182,0.15786308095223126,0.003884689689942892,0.7329710144927535,0.7318840579710144,0.026241379585821213,0.99
0.9000000000000001,0.9,1.1702778228589004e-16,random_sampling,3.0,3.0,0.0,3.0,3.0,0.0,0.9292717422530068,0.9325248625367214,0.01279508487124768,6.2,5.0,3.823901439919996,1453.9,1448.0,43.74026875901783,0.29698,0.2944,0.008656635220068678,0.15660174914743386,0.1577130382831034,0.0039165917160744095,0.9775362318840579,0.9818840579710144,0.013854715362028966,0.99
1.0,1.0,0.0,random_sampling,3.0,3.0,0.0,2.9519999999999995,2.952,4.681111291435602e-16,0.008047332356372066,0.0018296438534835696,0.0156875100616888,273.8,275.5,4.2895221179054435,0.3,0.0,0.9486832980505138,0.2738600000000001,0.2755,0.004106417741373462,0.4823529411764706,0.4117647058823529,0.5111595851509917,0.007971014492753623,0.0018115942028985507,0.01554174680400523,0.99
0.0,0.0,0.0,,4.0,4.0,0.0,3.16698,3.1699,0.01789834256758615,0.9705086851649638,0.9712061143040768,0.007907428248583334,8.2,8.0,2.201009869229224,1.9,2.0,1.3703203194062976,0.008579999999999999,0.0085,0.0022596951613485885,0.9929719731385486,0.9925509779442364,0.005050288406159366,0.9702898550724636,0.9710144927536232,0.007974673439236317,0.99
0.1,0.1,1.4628472785736255e-17,random_sampling,4.0,4.0,0.0,3.21634,3.2166,0.03250586955544423,0.9640195089918184,0.9672525306705418,0.01373747888318914,9.9,9.0,3.871548642195896,13.0,13.0,9.225568335398698,0.0125,0.0121,0.0033389951915043076,0.9545400039190286,0.9537660747091244,0.031027750705152308,0.9641304347826086,0.9673913043478259,0.0140273501528837,0.99
0.2,0.2,2.925694557147251e-17,random_sampling,4.0,4.0,0.0,3.29996,3.3006,0.04206912829564642,0.9719361282974129,0.976046858510378,0.011828795728173334,7.7,6.5,3.301514803843836,12.4,12.0,5.0155314330144085,0.01018,0.0097,0.003340592096553477,0.9561128950071808,0.9575966436919388,0.016883109411560137,0.9721014492753624,0.9764492753623188,0.011962010158854487,0.99
0.3,0.30000000000000004,5.851389114294502e-17,random_sampling,4.0,4.0,0.0,3.40208,3.4007,0.02372756484204257,0.9703589855885154,0.9709796806433132,0.006022298808469823,8.2,8.0,1.6865480854231354,6.2,5.5,3.1552425509864617,0.00944,0.0095,0.0016269945024833705,0.97750328865476,0.9798997326203208,0.011069150552202551,0.9702898550724636,0.9710144927536232,0.006110681468924411,0.99
0.4,0.4,5.851389114294502e-17,random_sampling,4.0,4.0,0.0,3.50302,3.5063,0.01735727833247799,0.9760301058809114,0.9747425836820884,0.01101351113623984,6.6,7.0,3.0623157540948935,8.2,8.0,3.938414796731181,0.00824,0.0078,0.003291470458287265,0.9706110699825008,0.9714282069924359,0.013787877978276443,0.976086956521739,0.9746376811594204,0.011095346935126416,0.99
0.5,0.5,0.0,random_sampling,4.0,4.0,0.0,3.6295400000000013,3.6306,0.02456846216866927,0.9746651033771864,0.9782082352776048,0.011147084254105415,7.0,6.0,3.0912061651652345,6.2,6.0,2.9363620727393656,0.00824,0.0075,0.003436794372021049,0.9775146093309294,0.9783393501805054,0.01058611268242454,0.9746376811594204,0.9782608695652174,0.011200022337555193,0.99
0.6,0.6000000000000001,1.1702778228589004e-16,random_sampling,4.0,4.0,0.0,3.7178,3.7131,0.016905751815416075,0.980065000032696,0.9836074072530664,0.008353935113242884,5.5,4.5,2.3213980461973533,5.7,6.0,2.540778533354601,0.006640000000000001,0.005900000000000001,0.002508297341934476,0.9794183816525154,0.9784747292418772,0.009107252713159479,0.980072463768116,0.9836956521739132,0.008410862486222305,0.99
0.7000000000000001,0.7000000000000001,0.0,random_sampling,4.0,4.0,0.0,3.83448,3.8363,0.01490867010985366,0.9785419830823092,0.9764841212663607,0.0068510008407854026,5.9,6.5,1.911950719959998,8.2,7.0,3.881580434135904,0.0075400000000000016,0.0076,0.002011190913088285,0.970708901990496,0.974662605681878,0.013436889538591444,0.9786231884057972,0.9764492753623188,0.0069273576810144795,0.99
0.7999999999999999,0.8,1.1702778228589004e-16,random_sampling,4.0,4.0,0.0,3.9004,3.903,0.02057333765392045,0.986849453643592,0.9855072476450444,0.00735363132702841,3.6,4.0,2.065591117977289,6.6,5.5,4.195235392680607,0.00492,0.0048,0.0019001754304975808,0.976574676424758,0.9801893408134644,0.014372466273110488,0.9869565217391304,0.9855072463768116,0.007484025789772777,0.99
0.9000000000000001,0.9,1.1702778228589004e-16,random_sampling,4.0,4.0,0.0,3.8816599999999992,3.8819,0.023984633969828816,0.9842643644292938,0.9870176107548304,0.0069616460724421505,4.3,3.5,1.9465068427541912,8.7,8.0,3.368151487751767,0.00604,0.0058,0.0019363195328595262,0.969108311922034,0.9712738525012894,0.011439991715813762,0.9844202898550728,0.9873188405797102,0.007052561024471691,0.99
1.0,1.0,0.0,random_sampling,4.0,4.0,0.0,3.012,3.012,0.0,0.009512212894608412,0.003659155133685965,0.01245962410928414,273.4,275.0,3.40587727318528,0.1,0.0,0.31622776601683794,0.27342000000000005,0.275,0.003423383641305129,0.5,0.5,0.5270462766947299,0.009420289855072464,0.0036231884057971015,0.012340135047772757,0.99
0.0,0.0,0.0,,5.0,5.0,0.0,3.17628,3.1676,0.031180364191444425,0.9669292093467328,0.9658396683029566,0.01093968806354088,9.2,9.5,3.047767853509989,1.6,2.0,1.3498971154211057,0.00952,0.0099,0.003058249317647089,0.9940610772142496,0.9926605257487612,0.005010124260103783,0.9666666666666666,0.9655797101449276,0.011042637150398512,0.99
0.1,0.1,1.4628472785736255e-17,random_sampling,5.0,5.0,0.0,3.2159,3.2229,0.015698336783805347,0.9711898826456691,0.9745153327163659,0.012634902663633195,7.9,7.0,3.5418137224371984,13.2,12.5,5.808040403899867,0.01054,0.0096,0.003298551870813076,0.9535005651678172,0.9552897047904344,0.019108757291424337,0.9713768115942027,0.9746376811594204,0.01283265841462753,0.99
0.2,0.2,2.925694557147251e-17,random_sampling,5.0,5.0,0.0,3.33982,3.344,0.02089751713056416,0.9659999655070164,0.963733543781612,0.01017375791527257,9.4,10.0,2.836272984824353,7.7,7.0,2.359378449224852,0.010940000000000002,0.0122,0.002845737553293034,0.9719964793385494,0.9745915678524374,0.008387801022417313,0.9659420289855072,0.9637681159420288,0.010276351394291134,0.99
0.3,0.30000000000000004,5.851389114294502e-17,random_sampling,5.0,5.0,0.0,3.4669000000000003,3.4713000000000003,0.02309848479879144,0.9717349723691318,0.9728262219393664,0.0073050687540922405,7.8,7.5,2.043961295567452,7.9,6.0,4.04007700696685,0.00938,0.0095,0.0020274779078122323,0.9715914553216808,0.9781849796915236,0.014053422231541737,0.9717391304347828,0.9728260869565216,0.0074056568679980485,0.99
0.4,0.4,5.851389114294502e-17,random_sampling,5.0,5.0,0.0,3.61664,3.6101,0.023655640624031624,0.9807615559266342,0.9801074983793666,0.0047619310481436744,5.3,5.5,1.3374935098492586,6.3,6.0,2.8303906287138374,0.006559999999999999,0.0066,0.0012393546707863735,0.9773624406301052,0.9783393501805054,0.009819963022298915,0.9807971014492752,0.980072463768116,0.004845990977714707,0.99
0.5,0.5,0.0,random_sampling,5.0,5.0,0.0,3.7576199999999997,3.7521,0.020200429038348032,0.9803492545624988,0.9800373067403236,0.011502221144828193,5.4,5.5,3.2041639575194445,7.8,8.0,1.8135294011647256,0.006960000000000001,0.0068000000000000005,0.003257538266169034,0.9720100299598522,0.9711598420286842,0.006332350347461227,0.9804347826086957,0.980072463768116,0.011609289701157393,0.99
0.6,0.6000000000000001,1.1702778228589004e-16,random_sampling,5.0,5.0,0.0,3.8698,3.8558,0.030444266017319838,0.9810285363027788,0.9835720042353452,0.007500788467114746,5.2,4.5,2.0976176963403033,8.9,8.0,3.5103022978402048,0.00698,0.0064,0.0020687086686035703,0.9683276906380353,0.9713773681515616,0.011774990999235856,0.981159420289855,0.9836956521739132,0.007600064117175019,0.99
0.7000000000000001,0.7000000000000001,0.0,random_sampling,5.0,5.0,0.0,3.9074,3.9074,0.024280215997574864,0.9803843337011848,0.9819016702411127,0.010428590903594357,5.4,5.0,2.9135697844549537,6.8,5.0,3.7947331922020555,0.0067599999999999995,0.006,0.002865581189838382,0.9756712463781346,0.9819492232301116,0.013244544081794532,0.9804347826086957,0.9818840579710144,0.010556412262517944,0.99
0.7999999999999999,0.8,1.1702778228589004e-16,random_sampling,5.0,5.0,0.0,3.89672,3.8995,0.02466093627131339,0.9788867670777968,0.9782082327601966,0.010731659537867918,5.8,6.0,2.9739610697593952,8.6,8.0,2.458545188611436,0.0075200000000000015,0.0075,0.0033442487945725572,0.9691613025846276,0.9713257965056524,0.008819621226190252,0.9789855072463768,0.9782608695652174,0.010775221267244173,0.99
0.9000000000000001,0.9,1.1702778228589004e-16,random_sampling,5.0,5.0,0.0,3.8975,3.8999,0.035147720014564565,0.984366997593432,0.981972124376465,0.008332455288956183,4.3,5.0,2.311805451253293,5.8,6.5,2.5298221281347035,0.00546,0.0055,0.0025699978383043227,0.97914335198991,0.97682384341637,0.00904416301840816,0.9844202898550728,0.9818840579710144,0.008376106707439459,0.99
1.0,1.0,0.0,random_sampling,5.0,5.0,0.0,3.012,3.012,0.0,0.004390535512112564,0.0,0.008052476951567612,274.8,276.0,2.2010098692292233,0.0,0.0,0.0,0.27480000000000004,0.276,0.0022010098692292267,0.4,0.0,0.5163977794943223,0.004347826086956522,0.0,0.007974673439236319,0.99
0.0,0.0,0.0,,6.0,6.0,0.0,3.1604400000000004,3.1539,0.030545674361883463,0.9662221862922185,0.9640966755297308,0.009628294025997651,9.4,10.0,2.6749870196985173,1.3,1.0,1.3374935098492586,0.00966,0.0101,0.002831646556726708,0.9951447243239504,0.99625468164794,0.004980926505323363,0.9659420289855072,0.9637681159420288,0.00969198195542942,0.99
0.1,0.1,1.4628472785736255e-17,random_sampling,6.0,6.0,0.0,3.2274000000000003,3.2285,0.03183010454829758,0.9730043454472784,0.9743581162035644,0.008748043214242789,7.4,7.0,2.503331114069145,12.6,9.0,9.359487165438072,0.00992,0.0093,0.0017440693156459636,0.9562734637167132,0.96729744383174,0.030375778118866777,0.9731884057971014,0.9746376811594204,0.00907004026836645,0.99
0.2,0.2,2.925694557147251e-17,random_sampling,6.0,6.0,0.0,3.3931400000000003,3.3949,0.029588894313013276,0.9685960934807004,0.9693767715546626,0.008337300224785009,8.7,8.5,2.311805451253293,5.3,4.0,2.79085809185793,0.00976,0.0093,0.0025919533603485662,0.9806175162049844,0.9851572396320978,0.01006228878179253,0.968478260869565,0.9692028985507246,0.008376106707439459,0.99
0.3,0.30000000000000004,5.851389114294502e-17,random_sampling,6.0,6.0,0.0,3.5424600000000006,3.5434,0.01913299651271476,0.97676908042829,0.9781906892563408,0.009638902976358716,6.4,6.0,2.6749870196985173,7.6,8.0,3.1340424729448424,0.00792,0.0076,0.002962281403093081,0.9726587815951256,0.9713246913421638,0.011132298748840063,0.9768115942028984,0.9782608695652174,0.009691981955429396,0.99
0.4,0.4,5.851389114294502e-17,random_sampling,6.0,6.0,0.0,3.719,3.7191,0.022423796883370737,0.9796393636608904,0.9817784007753396,0.007979188757299605,5.6,5.0,2.221110833194357,7.6,8.0,2.4585451886114367,0.007120000000000001,0.0066,0.002327039129690584,0.9727219381031412,0.9713386433710176,0.008648423037604219,0.9797101449275364,0.9818840579710144,0.008047503018820127,0.99
0.5,0.5,0.0,random_sampling,6.0,6.0,0.0,3.87482,3.8774,0.021502754345535502,0.983549820874294,0.9853658587292838,0.009253748157336286,4.5,4.0,2.5927248643506737,8.6,8.5,3.687817782917155,0.006220000000000001,0.0056,0.002417436658942691,0.9694835019204324,0.969604882749759,0.01263403204647216,0.9836956521739132,0.9855072463768116,0.009393930667937221,0.99
0.6,0.6000000000000001,1.1702778228589004e-16,random_sampling,6.0,6.0,0.0,3.89648,3.8997,0.019362552632451242,0.9821652863240972,0.981778404564826,0.004322894488103561,4.9,5.0,1.1972189997378646,7.2,6.5,2.616188916046477,0.00634,0.0066,0.0014392899483966235,0.9741956662254868,0.9766304347826088,0.0091832888250309,0.982246376811594,0.9818840579710144,0.004337749999050214,0.99
0.7000000000000001,0.7000000000000001,0.0,random_sampling,6.0,6.0,0.0,3.9042199999999996,3.9036,0.012617958982691644,0.9832272067067412,0.9835719468566116,0.0051124549042534185,4.6,4.5,1.429840705968481,7.6,8.0,2.7568097504180447,0.00612,0.0061,0.0014335658726096654,0.972852982654957,0.9712745932286428,0.009624154822694731,0.9833333333333334,0.9836956521739132,0.005180582268001725,0.99
0.7999999999999999,0.8,1.1702778228589004e-16,random_sampling,6.0,6.0,0.0,3.89908,3.8996,0.01815885458942829,0.9821933615025752,0.9818840592345844,0.004294752779232105,4.9,5.0,1.1972189997378646,6.4,6.0,2.951459149490488,0.00618,0.0064,0.001324806065471891,0.9770350985311356,0.9783001098728614,0.0102388170484729,0.982246376811594,0.9818840579710144,0.004337749999050234,0.99
0.9000000000000001,0.9,1.1702778228589004e-16,random_sampling,6.0,6.0,0.0,3.91014,3.9095,0.0268024957378558,0.9796323310015758,0.9798966401447708,0.009326470283047032,5.6,5.5,2.590581230363393,7.8,7.0,2.4404006956964173,0.00716,0.0076,0.0028091912636122795,0.972001996622673,0.9750886524822696,0.00863167943100343,0.9797101449275364,0.980072463768116,0.009386163878128243,0.99
1.0,1.0,0.0,random_sampling,6.0,6.0,0.0,3.012,3.012,0.0,0.0018296040814992172,0.0,0.002587434240844209,275.5,276.0,0.7071067811865476,0.2,0.0,0.421637021355784,0.27554,0.276,0.0007121173436387508,0.35,0.0,0.474341649025257,0.0018115942028985507,0.0,0.002561981091255607,0.99
0.0,0.0,0.0,,7.0,7.0,0.0,3.154,3.1486,0.018741990882033314,0.9698109191702916,0.9712758135067558,0.01269783633321379,8.4,8.0,3.5339622081862863,1.3,1.5,1.0593499054713802,0.00866,0.0081,0.003607461403504932,0.9951638980099023,0.9944212875247358,0.003937913567008303,0.9695652173913044,0.9710144927536232,0.01280421089922569,0.99
0.1,0.1,1.4628472785736255e-17,random_sampling,7.0,7.0,0.0,3.2739599999999998,3.2764,0.02331519294842364,0.9723894794537552,0.9711364251039744,0.010991392278177577,7.6,8.0,3.0623157540948935,9.7,10.5,3.7133393177689658,0.009540000000000002,0.0092,0.0031707692722394323,0.9652685444953224,0.9625240107568191,0.012955322254129459,0.9724637681159422,0.9710144927536232,0.011095346935126416,0.99
0.2,0.2,2.925694557147251e-17,random_sampling,7.0,7.0,0.0,3.4580999999999995,3.4611,0.03145257452808028,0.9700107050162892,0.97108416445433,0.008841891498592503,8.3,8.0,2.451756739791106,5.9,6.0,1.7919573407620817,0.00948,0.0092,0.002711621081362381,0.9784369674021,0.978102189781022,0.006522173941533242,0.9699275362318842,0.9710144927536232,0.008883176593446014,0.99
0.3,0.30000000000000004,5.851389114294502e-17,random_sampling,7.0,7.0,0.0,3.6268199999999995,3.6334,0.026997357895418864,0.9774831275385584,0.9782433260616324,0.00692063840944842,6.2,6.0,1.9321835661585918,7.7,7.0,2.6267851073127395,0.007739999999999999,0.0077,0.001929997121471659,0.9723360666574106,0.9745820990266608,0.00904330294877533,0.9775362318840579,0.9782608695652174,0.007000665094777517,0.99
0.4,0.4,5.851389114294502e-17,random_sampling,7.0,7.0,0.0,3.82968,3.842,0.039430523991220566,0.9803739935234038,0.9817255816512184,0.00790981630966166,5.4,5.0,2.221110833194358,7.1,7.5,2.7264140062238043,0.0068200000000000005,0.0069,0.0019240004620004066,0.974560193780183,0.9732587697000508,0.009539835370672066,0.9804347826086957,0.9818840579710144,0.008047503018820151,0.99
0.5,0.5,0.0,random_sampling,7.0,7.0,0.0,3.8869399999999987,3.8904,0.029959684021475745,0.9821295841890578,0.9817960079919738,0.005413746118874799,4.9,5.0,1.523883926754995,8.2,8.0,2.5298221281347035,0.006539999999999999,0.006500000000000001,0.001285992915135141,0.9707371788142763,0.9712745932286428,0.008730117438798453,0.982246376811594,0.9818840579710144,0.005521318575199242,0.99
0.6,0.6000000000000001,1.1702778228589004e-16,random_sampling,7.0,7.0,0.0,3.896100000000001,3.8952,0.01638379958644789,0.9818199756041122,0.9819192837749168,0.010028142425121137,5.0,5.0,2.788866755113585,6.8,7.0,3.2930904093942583,0.00636,0.0058,0.0029870833042730275,0.975623421498225,0.9747727272727272,0.011635182316061863,0.9818840579710144,0.9818840579710144,0.010104589692440531,0.99
0.7000000000000001,0.7000000000000001,0.0,random_sampling,7.0,7.0,0.0,3.90492,3.9063,0.025259048983593067,0.9792740878636104,0.9781906930322499,0.004852823348480853,5.7,6.0,1.3374935098492586,7.8,8.0,2.4404006956964173,0.007259999999999999,0.0076,0.0016866798418457751,0.9719968287889816,0.9712738525012894,0.008613944698920871,0.9793478260869564,0.9782608695652174,0.004845990977714702,0.99
0.7999999999999999,0.8,1.1702778228589004e-16,random_sampling,7.0,7.0,0.0,3.90222,3.9071,0.023550881087551708,0.9803849135594288,0.981831226214864,0.0069845964234236425,5.4,5.0,1.9550504398153572,6.8,7.0,2.043961295567452,0.00676,0.0063,0.0018203784710267745,0.9755521717559316,0.9746827992151732,0.007124615761739191,0.9804347826086957,0.9818840579710144,0.007083516086287534,0.99
0.9000000000000001,0.9,1.1702778228589004e-16,random_sampling,7.0,7.0,0.0,3.8972400000000014,3.8928,0.013226169345489074,0.9781617113820106,0.976396703542562,0.008593040720464061,6.0,6.5,2.4037008503093262,8.8,8.0,1.9888578520235063,0.0077599999999999995,0.0081,0.002256447552139325,0.9685008509027612,0.9710668131638152,0.006730154989441018,0.9782608695652176,0.9764492753623188,0.008709061051845388,0.99
1.0,1.0,0.0,random_sampling,7.0,7.0,0.0,3.012,3.012,0.0,0.004024341709129369,0.0,0.009198326891100032,274.9,276.0,2.5144029554194813,0.1,0.0,0.31622776601683794,0.27492,0.276,0.0024534782565891226,0.2888888888888889,0.0,0.4661372658534007,0.003985507246376811,0.0,0.009110155635577832,0.99
0.0,0.0,0.0,,8.0,8.0,0.0,3.16322,3.1645000000000003,0.02488255971112658,0.9647725496869276,0.9640101917754772,0.007126519152747638,9.8,10.0,1.9888578520235063,1.7,1.5,1.4181364924121764,0.01014,0.0106,0.0019345972879818336,0.9936881257969064,0.9944023569023568,0.005229325884348531,0.9644927536231884,0.9637681159420288,0.007206006710230086,0.99
0.1,0.1,1.4628472785736255e-17,random_sampling,8.0,8.0,0.0,3.2854200000000007,3.2965,0.040063333194664,0.975867373050744,0.9745153277012764,0.01136325005973903,6.6,7.0,3.2041639575194445,12.8,12.5,8.216514535440872,0.00916,0.0095,0.0028281128376042965,0.9554736876230218,0.9555160142348756,0.02695307637540475,0.976086956521739,0.9746376811594204,0.011609289701157393,0.99
0.2,0.2,2.925694557147251e-17,random_sampling,8.0,8.0,0.0,3.50044,3.5055,0.028715586166555757,0.976719932542971,0.9762219621363356,0.0075930965890171785,6.4,6.5,2.118699810942761,9.0,8.5,4.2946995755750415,0.0082,0.0084,0.002237061564741669,0.9679051111720623,0.969366023426746,0.014766203066956682,0.9768115942028984,0.9764492753623188,0.00767644859037233,0.99
0.3,0.30000000000000004,5.851389114294502e-17,random_sampling,8.0,8.0,0.0,3.71874,3.7281,0.04800130090829717,0.9796708005995396,0.979965697585948,0.006081622692662639,5.6,5.5,1.7126976771553504,6.7,7.0,3.4009802508492566,0.006940000000000001,0.0072,0.0014637850479720946,0.9759858802219752,0.9747740377123266,0.011775746359907352,0.9797101449275364,0.980072463768116,0.00620542636650492,0.99
0.4,0.4,5.851389114294502e-17,random_sampling,8.0,8.0,0.0,3.89526,3.8945,0.021732116530354083,0.9846655710141016,0.9836603651755929,0.005246634920724972,4.2,4.5,1.4757295747452437,7.5,7.0,2.9533408577782247,0.0057,0.0056,0.0013140268896284686,0.973264543986038,0.974820143884892,0.010098006945654638,0.984782608695652,0.9836956521739132,0.005346846285308831,0.99
0.5,0.5,0.0,random_sampling,8.0,8.0,0.0,3.9078800000000005,3.9010000000000002,0.027425567957250728,0.9814474331434772,0.9800722239975491,0.008220728530456665,5.1,5.5,2.282785822435191,7.2,8.0,2.4404006956964173,0.006540000000000001,0.0066,0.002498088157860816,0.97415496786829,0.9714794102694458,0.008719846591805072,0.9815217391304348,0.980072463768116,0.008270963124765177,0.99
0.6,0.6000000000000001,1.1702778228589004e-16,random_sampling,8.0,8.0,0.0,3.902340000000001,3.9014,0.018870093917213192,0.9868146114250704,0.9871771242494184,0.00723758278228602,3.6,3.5,2.0110804171997807,7.6,7.5,3.438345855527367,0.00512,0.005,0.002241428116179504,0.9729748707229644,0.9732203216877766,0.011999723096247505,0.9869565217391304,0.9873188405797102,0.007286523250723827,0.99
0.7000000000000001,0.7000000000000001,0.0,random_sampling,8.0,8.0,0.0,3.90384,3.9062,0.03093646535868125,0.9843311807284566,0.9817960079919738,0.007717291202041377,4.3,5.0,2.1628170930011112,6.8,7.5,2.7406406388125952,0.00566,0.0064,0.0019844954578487253,0.9756967892952236,0.9731845649613357,0.009586697851608431,0.9844202898550724,0.9818840579710144,0.0078362938152214,0.99
0.7999999999999999,0.8,1.1702778228589004e-16,random_sampling,8.0,8.0,0.0,3.91118,3.9139,0.02100845332505727,0.9818025566802692,0.9835190028812564,0.0067512491548392395,5.0,4.5,1.8856180831641267,7.3,6.5,2.4060109910158123,0.0064600000000000005,0.0064,0.001864403389827427,0.973841394527249,0.9764885156699628,0.008282166229030555,0.9818840579710146,0.9836956521739132,0.00683194957668161,0.99
0.9000000000000001,0.9,1.1702778228589004e-16,random_sampling,8.0,8.0,0.0,3.9146199999999993,3.9156,0.03555470901770024,0.9803423676033044,0.9817780210389748,0.01045338503632976,5.4,5.0,2.9135697844549537,8.0,8.0,2.10818510677892,0.007000000000000001,0.0066,0.002943920288775949,0.9713325653995444,0.9716813272185048,0.007359741950476964,0.9804347826086957,0.9818840579710144,0.010556412262517963,0.99
1.0,1.0,0.0,random_sampling,8.0,8.0,0.0,3.012,3.012,0.0,0.008779242754285687,0.0018296438534835696,0.014238267745008347,273.6,275.5,3.893013685508382,0.6,0.0,1.5776212754932308,0.2737200000000001,0.2755,0.0036370928561757204,0.4705882352941176,0.35294117647058826,0.5037346109280443,0.008695652173913044,0.0018115942028985507,0.014105122048943413,0.99
0.0,0.0,0.0,,1.0,1.0,0.0,1.0,1.0,0.0,0.8562029894198664,0.8562082471496455,4.478218507631337e-05,0.0,0.0,0.0,4681.7,4681.5,1.7029386365926402,0.9363400000000002,0.9363,0.00034058772731851444,0.055670982371015754,0.05567322295663643,1.9117793458270912e-05,1.0,1.0,0.0,0.99
0.09999999999999999,0.1,1.4628472785736255e-17,uncertainty_sampling,1.0,1.0,0.0,1.0,1.0,0.0,0.7724389435985834,0.857696687067778,0.27013864497341283,27.5,0.0,86.96263565463043,4192.8,4623.5,1346.8389988743604,0.86606,0.9247,0.18241759296247229,0.051026873202421295,0.05631504009192416,0.016957105742047625,0.9003623188405797,1.0,0.3150820132414146,0.99
0.19999999999999998,0.2,2.925694557147251e-17,uncertainty_sampling,1.0,1.0,0.0,1.0,1.0,0.0,0.8612546118861388,0.8617401118030146,0.0032175975038158267,0.4,0.0,0.6992058987801011,4444.4,4466.0,67.83509416224022,0.88928,0.8937999999999999,0.013793460608402652,0.05840153766120291,0.058123618629062686,0.0009183126634162955,0.9985507246376812,1.0,0.002533354705725015,0.99
0.3,0.30000000000000004,5.851389114294502e-17,uncertainty_sampling,1.0,1.0,0.0,1.0,1.0,0.0,0.8641572330718699,0.8624999999999999,0.005406128896331074,0.4,0.0,0.5163977794943222,4336.6,4411.0,172.9021560176609,0.86772,0.8828,0.03474621642072064,0.05983589334063827,0.05877967655275109,0.0024162703470119815,0.9985507246376812,1.0,0.0018710064474432048,0.99
0.39999999999999997,0.4,5.851389114294502e-17,uncertainty_sampling,1.0,1.0,0.0,1.0,1.0,0.0,0.8647025446183136,0.8653555550032777,0.0027124382488267706,0.7,0.5,0.9486832980505138,4280.6,4289.5,33.744793837140435,0.8568200000000001,0.8579,0.006418341772694162,0.060429588772553035,0.06039387597708756,0.0004093193027280112,0.9974637681159422,0.9981884057971014,0.003437258326269993,0.99
0.5,0.5,0.0,uncertainty_sampling,1.0,1.0,0.0,1.0,1.0,0.0,0.8669306362542398,0.8670073418903217,0.003046788160853362,1.0,1.0,1.0540925533894598,4163.3,4163.5,32.47238142723067,0.8336600000000001,0.8333999999999999,0.006142782576143935,0.061963038214394674,0.061949632566731694,0.00041553800814715295,0.9963768115942029,0.9963768115942029,0.00381917591807777,0.99
0.6,0.6000000000000001,1.1702778228589004e-16,uncertainty_sampling,1.0,1.0,0.0,1.0,1.0,0.0,0.8672442292971377,0.8678138649048055,0.0037292312569718726,1.5,1.5,1.0801234497346435,4094.1,4110.5,61.487939196777994,0.82032,0.8238,0.012313389279786275,0.06284601112767242,0.062499791876871026,0.0009212185212083304,0.9945652173913043,0.9945652173913043,0.003913490759908145,0.99
0.7000000000000001,0.7000000000000001,0.0,uncertainty_sampling,1.0,1.0,0.0,1.0,1.0,0.0,0.8709033928889187,0.871550879563786,0.0031872222378523285,1.2,1.0,1.0327955589886444,3994.2,3999.5,48.61138412621745,0.8000399999999999,0.7999,0.009520410822134843,0.06437797656957477,0.06441774700114689,0.0007095494189904491,0.9956521739130435,0.9963768115942029,0.0037420128948864096,0.99
0.7999999999999999,0.8,1.1702778228589004e-16,uncertainty_sampling,1.0,1.0,0.0,1.0,1.0,0.0,0.8733930776281593,0.873744211676676,0.0026092945096920085,1.1,1.0,0.875595035770913,3914.8,3933.0,38.95809714723414,0.78406,0.7873,0.007549569524151677,0.06561789893684361,0.06539831917564953,0.0005809850993084852,0.9960144927536232,0.9963768115942029,0.0031724457817786846,0.99
0.9000000000000001,0.9,1.1702778228589004e-16,uncertainty_sampling,1.0,1.0,0.0,1.0,1.0,0.0,0.8722875157702783,0.8728545167891477,0.006532777798569869,1.8,1.5,1.9888578520235067,3874.8,3862.0,33.05483659348844,0.77676,0.7764,0.007308929090122872,0.06609244616583347,0.0660327864071147,0.000762724461418826,0.9934782608695653,0.9945652173913043,0.0072060067102300875,0.99
1.0,1.0,0.0,uncertainty_sampling,1.0,1.0,0.0,0.9719999999999998,0.972,2.340555645717801e-16,0.7475871666644107,0.7395752547743097,0.029753969704891216,69.2,71.5,8.35064867739826,131.6,126.0,17.276830985134072,0.09552000000000001,0.0958,0.0075878265077103,0.6123644043195599,0.6218455743879473,0.027519483455259102,0.7492753623188406,0.7409420289855072,0.030255973468834282,0.99
0.0,0.0,0.0,,2.0,2.0,0.0,2.0,2.0,0.0,0.9248163378922063,0.9226573961703752,0.007778760220487036,7.6,8.0,2.270584848790187,1443.8,1450.0,28.658138266274186,0.29636,0.2963,0.0061004917834548405,0.1567951935641836,0.15676865205306562,0.0028252844038803198,0.972463768115942,0.9710144927536232,0.008226756698515188,0.99
0.09999999999999999,0.1,1.4628472785736255e-17,uncertainty_sampling,2.0,2.0,0.0,2.0,2.0,0.0,0.8381914736765657,0.9170448174228036,0.25184505962203824,28.9,5.5,74.91543380520613,1785.8,1824.5,522.4371945241095,0.38606000000000007,0.3719,0.05289259977644426,0.11872458541933886,0.12100783986205083,0.02323185389504685,0.8952898550724638,0.980072463768116,0.2714327311782831,0.99
0.19999999999999998,0.2,2.925694557147251e-17,uncertainty_sampling,2.0,2.0,0.0,2.0,2.0,0.0,0.9070065191952799,0.9112195600942654,0.015769184653321135,2.8,2.0,2.485513584307633,2558.2,2284.5,644.8162184340244,0.5144399999999999,0.45840000000000003,0.12759459410352947,0.10015851486555587,0.10729521979011566,0.0179548519483424,0.9898550724637681,0.9927536231884058,0.009005484001114606,0.99
0.3,0.30000000000000004,5.851389114294502e-17,uncertainty_sampling,2.0,2.0,0.0,2.0,2.0,0.0,0.9054901492803242,0.9078460187967635,0.008771765898721674,4.9,4.5,2.4244128727957572,2368.3,2377.0,125.53711270642904,0.47856,0.47940000000000005,0.0251459384836244,0.10292180792534059,0.1026804908235995,0.0049860040684147995,0.9822463768115941,0.9836956521739131,0.008784104611578815,0.99
0.39999999999999997,0.4,5.851389114294502e-17,uncertainty_sampling,2.0,2.0,0.0,2.0,2.0,0.0,0.9111408749544718,0.9058814476628387,0.012366418467956348,3.2,3.5,1.5491933384829668,2370.7,2493.0,324.1063097195116,0.47734000000000004,0.5011,0.0652536963618835,0.10491928853815229,0.0988693089749621,0.015776949186751387,0.9884057971014494,0.9873188405797102,0.005613019342329567,0.99
0.5,0.5,0.0,uncertainty_sampling,2.0,2.0,0.0,2.0,2.0,0.0,0.8830549805442314,0.9088941193084101,0.08584856576218314,11.6,3.5,25.517749813718993,2381.3,2515.5,404.7559072384793,0.48785999999999996,0.5053000000000001,0.08623399948202952,0.10232829240885806,0.09819035584167748,0.020213657296222844,0.9579710144927536,0.9873188405797102,0.09245561526709781,0.99
0.6,0.6000000000000001,1.1702778228589004e-16,uncertainty_sampling,2.0,2.0,0.0,2.0,2.0,0.0,0.906321801647773,0.9048947702450499,0.011880030360717025,3.1,3.5,1.66332999331662,2542.6,2498.0,352.10894778620883,0.51162,0.5021,0.07045858988717335,0.0983058051758514,0.0987120115548106,0.012306886704403854,0.9887681159420291,0.9873188405797102,0.006026557946799326,0.99
0.7000000000000001,0.7000000000000001,0.0,uncertainty_sampling,2.0,2.0,0.0,2.0,2.0,0.0,0.9099348062984465,0.9104771451009144,0.008737942629503462,2.3,1.5,1.888562063228706,2507.7,2489.5,248.67517858532733,0.50384,0.49839999999999995,0.04941774759919535,0.09911380185465253,0.09949509706710098,0.008849820262688114,0.9916666666666668,0.9945652173913043,0.006842616171118483,0.99
0.7999999999999999,0.8,1.1702778228589004e-16,uncertainty_sampling,2.0,2.0,0.0,2.0,2.0,0.0,0.9060848573543533,0.907853723674565,0.005807715673619362,2.6,2.0,1.7126976771553504,2602.3,2593.5,104.66990440852084,0.52306,0.5217,0.02062836235219203,0.09518271322703066,0.09539138008808312,0.0034071010291066178,0.9905797101449275,0.9927536231884058,0.006205426366504877,0.99
0.9000000000000001,0.9,1.1702778228589004e-16,uncertainty_sampling,2.0,2.0,0.0,2.0,2.0,0.0,0.9053735465391239,0.9057849620497167,0.004752454641849741,2.9,3.0,1.5951314818673865,2592.9,2594.5,82.42767873852947,0.52148,0.5214000000000001,0.015873163935817346,0.0953556202809807,0.09536887938694291,0.002580420516789755,0.9894927536231884,0.9891304347826086,0.0057794618908238405,0.99
1.0,1.0,0.0,uncertainty_sampling,2.0,2.0,0.0,1.9920000000000004,1.992,4.681111291435602e-16,0.762535560039175,0.7724271296888441,0.056654813415972505,64.8,62.0,16.04022720814418,159.6,153.0,39.827963375832645,0.09672,0.0954,0.010534261562476348,0.5750364032816949,0.5859201043009492,0.04420736762822177,0.7652173913043478,0.7753623188405797,0.058116765246899224,0.99
0.0,0.0,0.0,,3.0,3.0,0.0,3.0,3.0,0.0,0.9577698688931088,0.9555294567055936,0.01014863402520993,9.9,10.5,2.8460498941515415,195.0,196.0,9.47511360236793,0.048900000000000006,0.0487,0.0034062034910178553,0.577303874027152,0.5771277090936173,0.012174282816796026,0.9641304347826086,0.9619565217391304,0.010311774978809928,0.99
0.09999999999999999,0.1,1.4628472785736255e-17,uncertainty_sampling,3.0,3.0,0.0,3.0,3.0,0.0,0.9543060713486365,0.9602694637857192,0.017402119288597907,9.2,8.5,4.962078417580905,371.3,209.0,276.6646787077173,0.08346,0.0571,0.05414072609618587,0.47217202178015344,0.5594771677327648,0.14262747506116163,0.9666666666666666,0.9692028985507246,0.01797854499123518,0.99
0.19999999999999998,0.2,2.925694557147251e-17,uncertainty_sampling,3.0,3.0,0.0,2.99818,3.0,0.005755345341506519,0.9305603975648795,0.9668457410435296,0.12807839664216308,15.9,4.5,36.63468302032925,352.7,379.5,212.13153676171981,0.08644,0.0865,0.03831492891521238,0.49392120164400516,0.4171710352381312,0.2118938194026349,0.9423913043478261,0.9836956521739131,0.1327343587693089,0.99
0.3,0.30000000000000004,5.851389114294502e-17,uncertainty_sampling,3.0,3.0,0.0,2.9941,3.0,0.01865743819499349,0.9571641041762519,0.9701216696888338,0.03570824853915781,9.6,5.5,10.308572484426088,243.0,240.0,130.71257696862142,0.058199999999999995,0.0628,0.025071630714149147,0.5569034650737934,0.5242471988795518,0.14907563789524156,0.9652173913043478,0.980072463768116,0.03734990030589162,0.99
0.39999999999999997,0.4,5.851389114294502e-17,uncertainty_sampling,3.0,3.0,0.0,2.97916,3.0,0.04968065127502972,0.9705177077512552,0.9747857364034189,0.014248879969044871,5.1,3.5,4.17532433869913,321.3,367.5,158.6379876042025,0.06936,0.0791,0.03079636342167692,0.4974351154916047,0.42577961918108553,0.16875836794693963,0.9815217391304346,0.9873188405797102,0.015127986734417138,0.99
0.5,0.5,0.0,uncertainty_sampling,3.0,3.0,0.0,3.0,3.0,0.0,0.9696102467979637,0.9740310867820465,0.008251840971260175,4.1,4.0,2.1317702607092643,451.5,406.0,200.55547860878795,0.09440000000000001,0.0862,0.03943095230906806,0.40422782273977226,0.40058922705989236,0.1215201407889809,0.9851449275362318,0.9855072463768116,0.0077238052924248615,0.99
0.6,0.6000000000000001,1.1702778228589004e-16,uncertainty_sampling,3.0,3.0,0.0,3.0,3.0,0.0,0.9632183125705396,0.9652934164301317,0.011998700029101212,4.2,3.5,2.485513584307633,629.7,700.5,178.04496935075449,0.13014,0.1442,0.036426858223020005,0.31766248654660667,0.2790468721850725,0.09378788486994183,0.9847826086956522,0.9873188405797102,0.009005484001114608,0.99
0.7000000000000001,0.7000000000000001,0.0,uncertainty_sampling,3.0,3.0,0.0,3.0,3.0,0.0,0.961642851160167,0.9617540310623891,0.008654200644478574,3.2,4.0,2.3944379994757297,779.3,767.0,125.67245786832797,0.15905999999999998,0.15560000000000002,0.024805563891998103,0.26265168323314414,0.26391788544499023,0.031399584856975124,0.9884057971014494,0.9855072463768116,0.008675499998100461,0.99
0.7999999999999999,0.8,1.1702778228589004e-16,uncertainty_sampling,3.0,3.0,0.0,3.0,3.0,0.0,0.9481138171191148,0.9459392991358465,0.00789146243255029,3.6,3.0,1.505545305418162,1146.4,1125.0,129.86676933603061,0.23287999999999998,0.2285,0.026601119441774537,0.19347281002910427,0.19506596776457547,0.018105219851429336,0.9869565217391305,0.9891304347826086,0.005454874294993311,0.99
0.9000000000000001,0.9,1.1702778228589004e-16,uncertainty_sampling,3.0,3.0,0.0,3.0,3.0,0.0,0.9403378351054386,0.9401435685127614,0.004925543383268311,3.2,3.0,1.1352924243950935,1428.4,1455.5,83.88775569506885,0.28888,0.29410000000000003,0.016920257418582944,0.16073237782236272,0.15794148125041002,0.008502535919748509,0.9884057971014493,0.9891304347826086,0.004113378349257564,0.99
1.0,1.0,0.0,uncertainty_sampling,3.0,3.0,0.0,2.9519999999999995,2.952,4.681111291435602e-16,0.6925200008132194,0.7080961536697749,0.12607112785332553,84.1,80.0,35.64469728366962,177.8,153.5,90.0935316459758,0.11966000000000002,0.1225,0.023344387857565343,0.5391578420591886,0.5607971121989813,0.07063393604100243,0.6952898550724637,0.7101449275362319,0.1291474539263392,0.99
0.0,0.0,0.0,,4.0,4.0,0.0,3.16894,3.1648,0.020091136796552334,0.9672814243996731,0.9675995806410076,0.00948256439203155,9.1,9.0,2.6436506745197805,1.8,2.0,1.9321835661585918,0.00946,0.009600000000000001,0.002631518361875685,0.9933532542646967,0.9926470588235294,0.007110340492562563,0.9670289855072463,0.967391304347826,0.009578444472897752,0.99
0.09999999999999999,0.1,1.4628472785736255e-17,uncertainty_sampling,4.0,4.0,0.0,3.25548,3.1519000000000004,0.26513768666277693,0.9788163122886848,0.9777698300799307,0.009116123593389959,5.4,5.5,2.6331223544175333,51.5,26.5,81.76422744017636,0.0157,0.0106,0.015864495649790516,0.8717863492052456,0.911542063368191,0.1380938847376272,0.9804347826086957,0.980072463768116,0.00954029838557075,0.99
0.19999999999999998,0.2,2.925694557147251e-17,uncertainty_sampling,4.0,4.0,0.0,3.0955399999999997,3.1577,0.1926436676007459,0.9779099051485698,0.9791936040598923,0.007244878672320686,5.8,5.5,2.0976176963403033,36.4,36.5,19.449078812804135,0.01308,0.0133,0.003516563979543416,0.8844912392728735,0.8800036793749392,0.053977990203668634,0.9789855072463768,0.980072463768116,0.0076000641171750285,0.99
0.3,0.30000000000000004,5.851389114294502e-17,uncertainty_sampling,4.0,4.0,0.0,3.2098199999999997,3.2168,0.07373119044505136,0.9824658233504724,0.982549907665369,0.0068857399984987135,4.5,4.5,1.90029237516523,39.4,34.5,15.678718768516202,0.012379999999999999,0.0119,0.003820936476252328,0.8751519192271093,0.8876279908748475,0.04206092881433586,0.9836956521739131,0.9836956521739131,0.006885117301323285,0.99
0.39999999999999997,0.4,5.851389114294502e-17,uncertainty_sampling,4.0,4.0,0.0,3.25824,3.27,0.11211259419787681,0.982169816521294,0.9839717788390601,0.008531250457239329,4.5,4.0,2.3687784005919825,47.8,47.0,12.25470431213164,0.01406,0.0135,0.0035365394259234705,0.8513483291006787,0.8524378462569744,0.03122470005346625,0.9836956521739131,0.9855072463768116,0.008582530436927478,0.99
0.5,0.5,0.0,uncertainty_sampling,4.0,4.0,0.0,3.3927199999999997,3.4044,0.10862069375174835,0.9795556205618119,0.9808812453839033,0.00808647465271891,5.2,5.0,2.2997584414213788,50.8,47.5,23.318090259138575,0.015359999999999999,0.016,0.0046940151019972,0.8460376559031342,0.8503236245954693,0.060232236872760844,0.9811594202898553,0.9818840579710145,0.008332458121091948,0.99
0.6,0.6000000000000001,1.1702778228589004e-16,uncertainty_sampling,4.0,4.0,0.0,3.51786,3.5032,0.0723020854163665,0.9829223318797947,0.9838660581541374,0.0046585886739895135,4.3,4.0,1.2516655570345725,46.8,48.0,11.053405709453434,0.01366,0.0135,0.002957551539890913,0.8539435057609376,0.8499887694215764,0.029724929664302388,0.9844202898550722,0.9855072463768116,0.004535020134183218,0.99
0.7000000000000001,0.7000000000000001,0.0,uncertainty_sampling,4.0,4.0,0.0,3.7777600000000007,3.7768,0.03384905053649546,0.987767232923113,0.9892561499880521,0.00795169458284284,2.9,2.5,2.3309511649396115,51.5,48.5,15.890248582070704,0.0132,0.0125,0.002190890230020665,0.8433095565611298,0.8489401351036572,0.040404060872053525,0.9894927536231884,0.9909420289855072,0.008445475235288437,0.99
0.7999999999999999,0.8,1.1702778228589004e-16,uncertainty_sampling,4.0,4.0,0.0,3.88018,3.8789,0.02525328581480914,0.9878049986145315,0.9875716446398028,0.004784519936038255,3.0,3.0,1.3333333333333333,40.4,40.5,7.47142705393168,0.011080000000000001,0.0108,0.002002664891255316,0.8715350110986897,0.8708180708180708,0.020825808364176416,0.9891304347826088,0.9891304347826086,0.004830917874396111,0.99
0.9000000000000001,0.9,1.1702778228589004e-16,uncertainty_sampling,4.0,4.0,0.0,3.87262,3.8733,0.024934483039446544,0.9879352029290762,0.9895219548653966,0.005470488312316788,3.0,2.5,1.5634719199411433,36.7,38.5,9.51081256021564,0.010339999999999998,0.011,0.0018904438044485153,0.8822994376148527,0.8760373013567901,0.027280933804601035,0.9891304347826086,0.9909420289855072,0.005664753333120062,0.99
1.0,1.0,0.0,uncertainty_sampling,4.0,4.0,0.0,3.012,3.012,0.0,0.6610006756510077,0.7751904219710399,0.223608414976556,92.5,61.0,62.8247120522207,203.4,197.5,129.15210670626578,0.13318,0.123,0.04370430439009666,0.5124067741402191,0.5212542755386298,0.09145531204280875,0.6648550724637682,0.7789855072463767,0.22762576830514744,0.99
0.0,0.0,0.0,,5.0,5.0,0.0,3.1704800000000004,3.1801,0.023956293536354922,0.960800353671606,0.9622672640294969,0.01734117371080379,10.9,10.5,4.840798832148815,2.3,2.5,1.7029386365926402,0.01136,0.0108,0.004633980770113076,0.9914957946338048,0.9908490768570202,0.006140045305768011,0.9605072463768115,0.9619565217391304,0.017539126203437765,0.99
0.09999999999999999,0.1,1.4628472785736255e-17,uncertainty_sampling,5.0,5.0,0.0,3.17984,3.1928,0.07290973414663739,0.9774955986807953,0.9792815374178867,0.010277047520287314,6.0,5.5,2.8674417556808756,27.8,27.5,16.074825037928093,0.01156,0.0123,0.004235091498421256,0.9089091911306151,0.9077181208053691,0.04691280486905159,0.9782608695652175,0.980072463768116,0.010389281723481416,0.99
0.19999999999999998,0.2,2.925694557147251e-17,uncertainty_sampling,5.0,5.0,0.0,2.9888799999999995,3.0454,0.1497258591188873,0.9849466568598931,0.9851981276591615,0.007725742624878173,3.6,3.5,2.118699810942761,60.5,61.5,15.064675384635557,0.0157,0.0162,0.004067486256208427,0.8197510198665388,0.8147590361445783,0.03784156277169543,0.9869565217391305,0.9873188405797102,0.007676448590372303,0.99
0.3,0.30000000000000004,5.851389114294502e-17,uncertainty_sampling,5.0,5.0,0.0,3.1543999999999994,3.1696,0.10303121425622004,0.9812981202696678,0.9828453387337608,0.006047098007364903,4.6,4.0,1.7126976771553504,62.4,70.5,22.71661164092137,0.01708,0.018099999999999998,0.004570630882784856,0.8166367078350524,0.7929749499689462,0.057733787261945044,0.9833333333333334,0.9855072463768116,0.006205426366504886,0.99
0.39999999999999997,0.4,5.851389114294502e-17,uncertainty_sampling,5.0,5.0,0.0,3.4391999999999996,3.4266,0.08132185711384389,0.984076164113886,0.9826908095734186,0.009783162925438458,4.0,4.5,2.748737083745107,44.5,44.0,13.48455907077919,0.0129,0.0121,0.003525462932564869,0.8608097266149375,0.8621652169639786,0.03578397033395952,0.9855072463768115,0.9836956521739131,0.009959192332409803,0.99
0.5,0.5,0.0,uncertainty_sampling,5.0,5.0,0.0,3.6165599999999998,3.625,0.05599045950477236,0.9857031270751392,0.9853738441090358,0.004277562484636656,3.5,3.5,1.1785113019775793,49.2,41.0,18.713037641649144,0.01334,0.0126,0.003929433094537233,0.8495574425763197,0.8690698600349147,0.04778131127383042,0.9873188405797102,0.9873188405797102,0.004269968485425983,0.99
0.6,0.6000000000000001,1.1702778228589004e-16,uncertainty_sampling,5.0,5.0,0.0,3.8451400000000007,3.8362,0.025804401002757476,0.9878785369766199,0.9880318301479116,0.007485349876607255,3.0,3.0,2.1081851067789197,38.3,37.5,10.414199707877488,0.01066,0.010599999999999998,0.0026298288917722384,0.8778686250864718,0.8798076923076923,0.028787635555214748,0.9891304347826088,0.9891304347826086,0.007638351836155492,0.99
0.7000000000000001,0.7000000000000001,0.0,uncertainty_sampling,5.0,5.0,0.0,3.8827,3.8818,0.02470074222906406,0.9907567266821153,0.9895925985480545,0.005356196430511928,2.2,2.5,1.4757295747452437,38.0,38.0,9.38083151964686,0.0098,0.0103,0.002583709650010147,0.8788315610424657,0.8778135048231511,0.026958950375871645,0.9920289855072465,0.9909420289855072,0.005346846285308854,0.99
0.7999999999999999,0.8,1.1702778228589004e-16,uncertainty_sampling,5.0,5.0,0.0,3.873440000000001,3.8742,0.039896287769387556,0.9868006379244099,0.987819295668685,0.0047657256691355804,3.3,3.0,1.3374935098492586,38.4,37.5,4.599516882842757,0.010979999999999998,0.011,0.0014770842148563424,0.8767432605435292,0.878441138149876,0.012727143557915712,0.9880434782608696,0.9891304347826086,0.004845990977714681,0.99
0.9000000000000001,0.9,1.1702778228589004e-16,uncertainty_sampling,5.0,5.0,0.0,3.8895999999999993,3.887,0.0221084197133631,0.9895890354589959,0.991277898057666,0.006350850211959874,2.5,2.0,1.7795130420052185,40.6,37.5,9.406853293683755,0.010620000000000001,0.0106,0.0024575507228856044,0.8714462915556777,0.8794472533267161,0.025827344967404915,0.9909420289855072,0.9927536231884058,0.006447511021758022,0.99
1.0,1.0,0.0,uncertainty_sampling,5.0,5.0,0.0,3.012,3.012,0.0,0.6383161145110546,0.7908513391889944,0.3110281499295244,98.6,56.5,86.90889226975312,201.7,213.0,132.94781766626417,0.13894,0.1041,0.06385866686154144,0.5253693349069815,0.5083935742971888,0.11721508018815098,0.6427536231884058,0.7952898550724637,0.3148872908324389,0.99
0.0,0.0,0.0,,6.0,6.0,0.0,3.1705,3.1708,0.02925508502807667,0.9654985501544907,0.9712583874555958,0.01700957880818729,9.6,8.0,4.742245131674331,1.4,1.0,1.3498971154211057,0.00988,0.0082,0.004658278174986499,0.9948200783264157,0.996247324546581,0.004943418772948791,0.9652173913043478,0.9710144927536232,0.017182047578530188,0.99
0.09999999999999999,0.1,1.4628472785736255e-17,uncertainty_sampling,6.0,6.0,0.0,3.16158,3.1671,0.0896566512374353,0.9771277110035458,0.9790534101920095,0.006740314645127121,6.1,5.5,1.852925614624973,28.1,27.0,15.139719651007779,0.01172,0.0112,0.003767934889741771,0.9077598999907812,0.9094543611689847,0.04580988528758314,0.9778985507246377,0.980072463768116,0.0067134986037137,0.99
0.19999999999999998,0.2,2.925694557147251e-17,uncertainty_sampling,6.0,6.0,0.0,3.11518,3.1138000000000003,0.16525593484047704,0.9835153547240841,0.9859386325060732,0.00753871926320131,4.1,3.5,2.0789954839350235,50.3,48.0,22.823233776132604,0.01416,0.013999999999999999,0.005137054928004307,0.8476017085964835,0.8500136724090785,0.058964388195468974,0.9851449275362321,0.9873188405797102,0.007532592333097893,0.99
0.3,0.30000000000000004,5.851389114294502e-17,uncertainty_sampling,6.0,6.0,0.0,3.26182,3.2695,0.10128702670025312,0.9860936341098652,0.9869883741852621,0.0035762844557033014,3.3,3.0,1.0593499054713802,58.4,57.0,15.18917743365687,0.014979999999999999,0.0151,0.002713669102893719,0.8252230218582023,0.826788750092394,0.03782354122385341,0.9880434782608696,0.9891304347826086,0.00383822429518613,0.99
0.39999999999999997,0.4,5.851389114294502e-17,uncertainty_sampling,6.0,6.0,0.0,3.5639399999999997,3.5617,0.02253906238807043,0.9857342302689693,0.985550756298452,0.007976981611629783,3.5,3.5,2.223610677354389,48.3,49.0,11.314199534704656,0.01316,0.0135,0.00317602127056969,0.8503996904022714,0.8471183800623052,0.03047421581460308,0.9873188405797102,0.9873188405797102,0.008056560425197045,0.99
0.5,0.5,0.0,uncertainty_sampling,6.0,6.0,0.0,3.84944,3.8457,0.02958284788334092,0.9831463521979147,0.9858333294361783,0.008776761589395967,4.3,3.5,2.4517567397911058,40.4,41.5,6.239658110292048,0.01238,0.012199999999999999,0.0026922935286562725,0.8708680846241501,0.8665632754342432,0.017562991801058924,0.9844202898550725,0.9873188405797102,0.008883176593446026,0.99
0.6,0.6000000000000001,1.1702778228589004e-16,uncertainty_sampling,6.0,6.0,0.0,3.8954800000000005,3.9036999999999997,0.04227236554640499,0.9858748414001226,0.9859215884020873,0.009409118267202813,3.5,3.5,2.6352313834736494,44.3,42.5,6.8807299354388585,0.01236,0.0122,0.002791733830037845,0.8605337677671712,0.8653224023951614,0.01830136695858213,0.9873188405797102,0.9873188405797102,0.009547939795194376,0.99
0.7000000000000001,0.7000000000000001,0.0,uncertainty_sampling,6.0,6.0,0.0,3.8809599999999995,3.8754999999999997,0.027078125653170464,0.9853642084816595,0.9860104585345421,0.006172554450387363,3.7,3.5,1.7029386365926402,38.5,37.5,10.700467279516348,0.011399999999999999,0.012,0.0029348480937406852,0.8770669521881415,0.8783142691476464,0.031387018880430696,0.9865942028985508,0.9873188405797102,0.0061700675238863505,0.99
0.7999999999999999,0.8,1.1702778228589004e-16,uncertainty_sampling,6.0,6.0,0.0,3.8709,3.8709,0.018022516780713822,0.9887370356620243,0.988350424464447,0.00747124434936387,2.8,3.0,2.0976176963403033,34.3,38.0,10.424863441684874,0.009659999999999998,0.009,0.002727717808799958,0.8894223680568298,0.8784434203789042,0.030788225731307114,0.9898550724637681,0.9891304347826086,0.007600064117175001,0.99
0.9000000000000001,0.9,1.1702778228589004e-16,uncertainty_sampling,6.0,6.0,0.0,3.8796800000000005,3.8836,0.028315555206752774,0.9873722347623687,0.987571634504709,0.003885228235311279,3.1,3.0,1.1005049346146119,42.5,42.5,5.602578771323871,0.011600000000000001,0.0116,0.0012995725793078618,0.8655106987883785,0.8659305993690851,0.015370943273837919,0.988768115942029,0.9891304347826086,0.003987336719618135,0.99
1.0,1.0,0.0,uncertainty_sampling,6.0,6.0,0.0,3.012,3.012,0.0,0.7077198757922771,0.7626355627846877,0.18646044192733546,79.1,64.0,52.92646890839319,256.3,224.5,178.0225016988333,0.13035999999999998,0.118,0.031163910751594272,0.4896879988862521,0.49595911704013407,0.1267241680555648,0.7134057971014494,0.7681159420289856,0.19176256850867096,0.99
0.0,0.0,0.0,,7.0,7.0,0.0,3.1719999999999997,3.1799999999999997,0.028914586860844714,0.9705051109929383,0.9676690110521028,0.007318557623358702,8.2,9.0,2.043961295567452,2.0,2.0,1.0540925533894598,0.0086,0.0092,0.001955050439815357,0.9926121926071187,0.9925649530127142,0.003821049809153181,0.9702898550724639,0.967391304347826,0.007405656867998032,0.99
0.09999999999999999,0.1,1.4628472785736255e-17,uncertainty_sampling,7.0,7.0,0.0,3.0883399999999996,3.1212999999999997,0.13564859994362877,0.9785903093829557,0.9790881872098246,0.006399543626361928,5.6,5.5,1.776388345929897,37.5,31.0,18.703832049431295,0.0131,0.0135,0.0041357519805283825,0.881123668754357,0.8970274953916797,0.05341200346207145,0.9797101449275363,0.980072463768116,0.006436189659166304,0.99
0.19999999999999998,0.2,2.925694557147251e-17,uncertainty_sampling,7.0,7.0,0.0,3.17766,3.1936999999999998,0.11282521585768557,0.9820459383283999,0.9818106723413306,0.006014513555158239,4.5,4.5,1.7159383568311668,51.3,46.5,12.193349735727987,0.01476,0.0142,0.0024545649082655953,0.8421827853408805,0.854071773636991,0.03104820038441692,0.9836956521739129,0.9836956521739131,0.0062171679595332,0.99
0.3,0.30000000000000004,5.851389114294502e-17,uncertainty_sampling,7.0,7.0,0.0,3.40328,3.4050000000000002,0.06166887923958619,0.9812839689400082,0.9831973014410571,0.010278076979969977,4.7,4.0,2.8693785622209793,52.6,52.0,12.411464234506921,0.015220000000000001,0.0148,0.0037457531507917954,0.8386423901427925,0.8395000571580993,0.030360940510693032,0.9829710144927537,0.9855072463768116,0.010396299138481812,0.99
0.39999999999999997,0.4,5.851389114294502e-17,uncertainty_sampling,7.0,7.0,0.0,3.7492599999999996,3.7500999999999998,0.031476841575284416,0.9851826377002224,0.9877132205338689,0.005881414432681128,3.7,3.0,1.7029386365926402,43.6,50.0,12.859929151351409,0.01242,0.0126,0.0022399404753995883,0.8633596061581386,0.8449723087573555,0.035293712562760385,0.9865942028985506,0.9891304347826086,0.006170067523886353,0.99
0.5,0.5,0.0,uncertainty_sampling,7.0,7.0,0.0,3.8682799999999995,3.8771,0.031566818021460434,0.9883480013637191,0.9881379331028286,0.004434425059981306,2.9,3.0,1.1972189997378648,35.2,37.0,8.9044308571008,0.009940000000000001,0.0104,0.0025369272752682527,0.8864552481091238,0.8806543252271095,0.02580431305940454,0.9894927536231884,0.9891304347826086,0.004337749999050222,0.99
0.6,0.6000000000000001,1.1702778228589004e-16,uncertainty_sampling,7.0,7.0,0.0,3.852099999999999,3.8529,0.02146899573286508,0.9890282738247969,0.9912068781641274,0.004038831249416773,2.7,2.0,1.1595018087284057,36.2,35.5,7.64198926981712,0.00994,0.009600000000000001,0.001436198686347633,0.8835520591561673,0.885483870967742,0.02169633008477174,0.9902173913043478,0.9927536231884058,0.004201093509885492,0.99
0.7000000000000001,0.7000000000000001,0.0,uncertainty_sampling,7.0,7.0,0.0,3.8762,3.8785999999999996,0.027640067534890924,0.9871831860170255,0.9879432118379927,0.006181130035698888,3.2,3.0,1.7511900715418263,37.7,34.0,7.8322694312979575,0.01074,0.0109,0.0018833775806011688,0.8791065127643909,0.8892461138521938,0.021489955797243,0.9884057971014494,0.9891304347826086,0.006344891563557319,0.99
0.7999999999999999,0.8,1.1702778228589004e-16,uncertainty_sampling,7.0,7.0,0.0,3.8880600000000003,3.8778,0.0321819894419913,0.9857566802223839,0.9860977210441079,0.004300935869882399,3.6,3.5,1.2649110640673518,37.5,41.5,9.47804480540862,0.011099999999999999,0.0111,0.0013308309851784751,0.8798003917387136,0.8680490961297367,0.02679919978928673,0.9869565217391305,0.9873188405797102,0.004583011101693275,0.99
0.9000000000000001,0.9,1.1702778228589004e-16,uncertainty_sampling,7.0,7.0,0.0,3.88216,3.8741000000000003,0.02651704692792502,0.9849050986482493,0.9858683447380758,0.007701682247637639,3.8,3.5,2.2010098692292237,41.3,41.0,6.8645627844912465,0.012060000000000001,0.011699999999999999,0.0014299961149908378,0.8687113704627383,0.8694254272529033,0.018324867143994967,0.9862318840579711,0.9873188405797102,0.007974673439236309,0.99
1.0,1.0,0.0,uncertainty_sampling,7.0,7.0,0.0,3.012,3.012,0.0,0.7689393707371504,0.8172201067155013,0.11733366588256612,62.3,48.5,33.35349390327129,239.8,233.0,105.28564321248489,0.11026,0.10500000000000001,0.020912951861359875,0.49241240812760323,0.49785860088899064,0.08384722039917057,0.7742753623188406,0.8242753623188406,0.12084599240315685,0.99
0.0,0.0,0.0,,8.0,8.0,0.0,3.1643199999999996,3.1664,0.02395499483986123,0.9669088915878028,0.9676339100861817,0.007711075518724411,9.2,9.0,2.1499353995462798,2.2,2.0,1.1352924243950935,0.00964,0.0094,0.002126656217320201,0.991841590060788,0.9924810967422797,0.004181064311369353,0.9666666666666668,0.967391304347826,0.007789621012848832,0.99
0.09999999999999999,0.1,1.4628472785736255e-17,uncertainty_sampling,8.0,8.0,0.0,3.08172,3.0717,0.08155953244920754,0.9808180709794959,0.9844125243656708,0.009421309024211073,4.9,4.0,2.6012817353502227,45.5,44.0,14.292577716345564,0.014000000000000002,0.0137,0.00419311605160437,0.8578200427061178,0.8610456641974322,0.03934930722395183,0.9822463768115943,0.9855072463768116,0.00942493382373268,0.99
0.19999999999999998,0.2,2.925694557147251e-17,uncertainty_sampling,8.0,8.0,0.0,3.2081600000000003,3.2536,0.11239093676389864,0.9815269263035337,0.983478621698594,0.005078830261992654,4.6,4.0,1.429840705968481,55.9,55.0,23.268720062206544,0.01578,0.015,0.004689894573560381,0.8329641997081533,0.8319988026640724,0.05840306817816414,0.9833333333333334,0.9855072463768116,0.005180582268001752,0.99
0.3,0.30000000000000004,5.851389114294502e-17,uncertainty_sampling,8.0,8.0,0.0,3.54272,3.5745,0.07882392191883544,0.9860531045781624,0.9872357896952119,0.007313624548745724,3.4,3.0,2.065591117977289,49.4,47.0,17.468702171470998,0.01328,0.0134,0.0037180640123591203,0.8488260619976492,0.8533801281177593,0.045032439565326196,0.9876811594202899,0.9891304347826086,0.007484025789772774,0.99
0.39999999999999997,0.4,5.851389114294502e-17,uncertainty_sampling,8.0,8.0,0.0,3.8753600000000006,3.868,0.03789691280302392,0.9861916327524101,0.9875539506664626,0.004545484295176915,3.4,3.0,1.2649110640673518,45.5,45.0,3.3747427885527643,0.0125,0.0123,0.0014944341180973262,0.8570446361516808,0.8587123676583663,0.009119934049482617,0.9876811594202897,0.9891304347826086,0.004583011101693277,0.99
0.5,0.5,0.0,uncertainty_sampling,8.0,8.0,0.0,3.87234,3.8716999999999997,0.026179898989704214,0.9895614909923065,0.9880316817149015,0.004668753014685433,2.5,3.0,1.2692955176439846,41.4,38.0,8.1948493308636,0.01078,0.010100000000000001,0.002437576209634845,0.869021656352821,0.8782051282051282,0.022396526495013162,0.9909420289855072,0.9891304347826086,0.004598896803057912,0.99
0.6,0.6000000000000001,1.1702778228589004e-16,uncertainty_sampling,8.0,8.0,0.0,3.88566,3.8834,0.025942509087938624,0.9888124739198588,0.9882441806921516,0.0041623984688905396,2.8,3.0,1.1352924243950937,32.2,32.5,11.429007928172165,0.00924,0.0098,0.0027321948848661745,0.8957069876275362,0.8932731508444962,0.03467026809696995,0.9898550724637681,0.9891304347826086,0.004113378349257566,0.99
0.7000000000000001,0.7000000000000001,0.0,uncertainty_sampling,8.0,8.0,0.0,3.87028,3.8639,0.02539732269354395,0.9910592042452466,0.9894861716892757,0.005714285297327777,2.1,2.5,1.5238839267549948,39.6,38.0,13.475904422338413,0.01002,0.0102,0.003700390369797339,0.8750968480013152,0.8776866105140866,0.03878392132960359,0.992391304347826,0.9909420289855072,0.00552131857519925,0.99
0.7999999999999999,0.8,1.1702778228589004e-16,uncertainty_sampling,8.0,8.0,0.0,3.87864,3.8795,0.03724964429360363,0.9885812213100058,0.989876436557084,0.006870336307621175,2.8,2.5,1.9321835661585918,38.7,39.0,9.877584050093763,0.01054,0.0095,0.0025051946032194784,0.8767567995784484,0.8759933272672127,0.028301896411454343,0.9898550724637681,0.9909420289855072,0.007000665094777488,0.99
0.9000000000000001,0.9,1.1702778228589004e-16,uncertainty_sampling,8.0,8.0,0.0,3.8972,3.9063999999999997,0.036858648917180846,0.9871516033911808,0.9896285546034782,0.007098549301400997,3.2,2.5,1.9888578520235063,38.6,39.5,8.167687011088947,0.01092,0.0102,0.002420651886487513,0.87659706922769,0.8738159398987424,0.02297999298786329,0.9884057971014493,0.9909420289855072,0.007206006710230076,0.99
1.0,1.0,0.0,uncertainty_sampling,8.0,8.0,0.0,3.012,3.012,0.0,0.8263106389171473,0.8432816695925376,0.03131375632788422,46.0,41.0,9.079892314584157,281.4,279.0,75.37491477791386,0.10228000000000001,0.10289999999999999,0.012918961086540804,0.45786200140950717,0.4588197659102029,0.05894178020723751,0.8333333333333334,0.8514492753623188,0.03289816056008754,0.99
